{"stats":{"minecraft:custom":{"minecraft:time_since_rest":851,"minecraft:interact_with_furnace":4,"minecraft:sprint_one_cm":170273,"minecraft:damage_taken":420,"minecraft:walk_one_cm":114174,"minecraft:mob_kills":8,"minecraft:drop":11,"minecraft:damage_dealt":2052,"minecraft:swim_one_cm":6548,"minecraft:interact_with_crafting_table":7,"minecraft:fly_one_cm":241113,"minecraft:open_chest":8,"minecraft:crouch_one_cm":1946,"minecraft:play_time":54641,"minecraft:sneak_time":1697,"minecraft:walk_under_water_one_cm":6703,"minecraft:boat_one_cm":256071,"minecraft:jump":1113,"minecraft:leave_game":2,"minecraft:walk_on_water_one_cm":6243,"minecraft:time_since_death":54641,"minecraft:sleep_in_bed":2,"minecraft:total_world_time":54641,"minecraft:fall_one_cm":22583},"minecraft:killed":{"minecraft:skeleton":1,"minecraft:zombie":1,"graveyard:skeleton_creeper":1,"minecraft:spider":4,"minecraft:creeper":1},"minecraft:crafted":{"minecraft:oak_boat":2,"minecraft:oak_planks":44,"minecraft:oak_sign":3,"minecraft:crafting_table":1,"minecraft:stick":4,"minecraft:dried_kelp":1,"minecraft:stone_pickaxe":1,"minecraft:furnace":1,"minecraft:stone_axe":1,"minecraft:air":0,"minecraft:bread":6},"minecraft:used":{"minecraft:bread":7,"minecraft:stone_pickaxe":47,"minecraft:oak_sign":1,"minecraft:suspicious_stew":2,"minecraft:wooden_pickaxe":59,"minecraft:rotten_flesh":8,"minecraft:stone_axe":36,"minecraft:dirt":9,"minecraft:sand":9,"minecraft:cobblestone":3,"minecraft:crafting_table":3,"minecraft:furnace":1,"minecraft:oak_boat":6},"minecraft:dropped":{"minecraft:bowl":3,"minecraft:birch_sapling":1,"minecraft:rotten_flesh":7},"minecraft:mined":{"minecraft:ice":3,"minecraft:crafting_table":3,"minecraft:grass":4,"minecraft:grass_block":2,"minecraft:oak_log":11,"minecraft:dirt":9,"minecraft:sand":112,"minecraft:copper_ore":16,"minecraft:stone":47,"minecraft:sandstone":24},"minecraft:picked_up":{"minecraft:crafting_table":3,"minecraft:sandstone":24,"minecraft:wooden_pickaxe":1,"minecraft:bowl":1,"minecraft:sand":111,"minecraft:oak_log":11,"minecraft:gunpowder":2,"minecraft:spider_eye":2,"minecraft:dirt":9,"minecraft:raw_copper":54,"minecraft:arrow":2,"minecraft:bone":2,"minecraft:rotten_flesh":1,"minecraft:wheat_seeds":1,"minecraft:oak_boat":5,"minecraft:oak_sapling":8,"minecraft:sugar_cane":2,"minecraft:birch_sapling":1,"minecraft:cobblestone":40},"minecraft:broken":{"minecraft:wooden_pickaxe":1}},"DataVersion":3465}