{"stats":{"minecraft:custom":{"minecraft:interact_with_furnace":14,"minecraft:mob_kills":8,"minecraft:interact_with_crafting_table":14,"minecraft:leave_game":2,"minecraft:time_since_death":72641,"minecraft:sleep_in_bed":4,"minecraft:climb_one_cm":3006,"minecraft:time_since_rest":5059,"minecraft:sprint_one_cm":228467,"minecraft:damage_taken":470,"minecraft:walk_one_cm":176392,"minecraft:drop":15,"minecraft:damage_dealt":2076,"minecraft:swim_one_cm":7593,"minecraft:fly_one_cm":302315,"minecraft:open_chest":34,"minecraft:crouch_one_cm":2148,"minecraft:play_time":72641,"minecraft:sneak_time":1835,"minecraft:walk_under_water_one_cm":6712,"minecraft:boat_one_cm":256071,"minecraft:jump":1384,"minecraft:walk_on_water_one_cm":7675,"minecraft:total_world_time":72641,"minecraft:fall_one_cm":27618},"minecraft:killed":{"graveyard:skeleton_creeper":1,"minecraft:spider":4,"minecraft:creeper":1,"minecraft:skeleton":1,"minecraft:zombie":1},"minecraft:crafted":{"minecraft:cooked_beef":2,"minecraft:oak_planks":44,"minecraft:oak_sign":3,"minecraft:crafting_table":1,"minecraft:dried_kelp":1,"minecraft:furnace":1,"spartanshields:stone_basic_shield":1,"minecraft:copper_ingot":29,"minecraft:stone_axe":1,"spartanshields:copper_basic_shield":1,"minecraft:bread":6,"minecraft:cooked_mutton":5,"minecraft:air":0,"minecraft:oak_boat":2,"minecraft:stick":12,"minecraft:stone_pickaxe":1,"spartanshields:wooden_basic_shield":2,"minecraft:stone_hoe":1},"minecraft:used":{"minecraft:cooked_mutton":1,"minecraft:stone_pickaxe":47,"minecraft:oak_sign":1,"minecraft:wooden_pickaxe":59,"minecraft:stone_hoe":62,"minecraft:rotten_flesh":8,"minecraft:dirt":9,"minecraft:sand":9,"minecraft:crafting_table":3,"minecraft:bread":7,"minecraft:suspicious_stew":2,"minecraft:stone_axe":36,"minecraft:cobblestone":3,"minecraft:furnace":1,"alexsmobs:animal_dictionary":1,"minecraft:oak_boat":6,"minecraft:cooked_beef":1,"minecraft:potato":61},"minecraft:mined":{"minecraft:crafting_table":3,"minecraft:grass_block":3,"minecraft:copper_ore":16,"minecraft:tall_grass":2,"minecraft:sandstone":24,"minecraft:ice":3,"minecraft:grass":11,"minecraft:potatoes":1,"minecraft:oak_log":11,"minecraft:sand":112,"minecraft:dirt":9,"regions_unexplored:medium_grass":3,"minecraft:stone":47,"minecraft:fern":1},"minecraft:dropped":{"minecraft:cooked_beef":2,"minecraft:bowl":3,"minecraft:birch_sapling":1,"minecraft:rotten_flesh":7,"farmersdelight:flint_knife":2},"minecraft:picked_up":{"minecraft:crafting_table":3,"minecraft:cooked_beef":1,"minecraft:wooden_pickaxe":1,"minecraft:potato":1,"minecraft:oak_log":11,"minecraft:gunpowder":2,"farmersdelight:flint_knife":3,"minecraft:dirt":10,"minecraft:raw_copper":54,"minecraft:bone":2,"minecraft:wheat_seeds":2,"minecraft:oak_boat":5,"minecraft:sugar_cane":2,"minecraft:birch_sapling":1,"minecraft:sandstone":24,"minecraft:bowl":1,"minecraft:sand":111,"minecraft:spider_eye":2,"minecraft:arrow":2,"minecraft:rotten_flesh":1,"minecraft:oak_sapling":8,"minecraft:cobblestone":40},"minecraft:broken":{"minecraft:wooden_pickaxe":1}},"DataVersion":3465}