{"stats":{"minecraft:custom":{"minecraft:interact_with_furnace":17,"minecraft:mob_kills":13,"minecraft:interact_with_crafting_table":16,"minecraft:leave_game":2,"minecraft:time_since_death":96641,"minecraft:sleep_in_bed":7,"minecraft:climb_one_cm":5621,"minecraft:time_since_rest":12905,"minecraft:sprint_one_cm":294106,"minecraft:damage_taken":580,"minecraft:walk_one_cm":217514,"minecraft:drop":17,"minecraft:damage_dealt":2676,"minecraft:talked_to_villager":1,"minecraft:swim_one_cm":19442,"minecraft:fly_one_cm":392356,"minecraft:open_chest":34,"minecraft:crouch_one_cm":5032,"minecraft:play_time":96641,"minecraft:sneak_time":3241,"minecraft:walk_under_water_one_cm":6851,"minecraft:boat_one_cm":256174,"minecraft:jump":1887,"minecraft:walk_on_water_one_cm":10568,"minecraft:total_world_time":96641,"minecraft:fall_one_cm":42012},"minecraft:killed":{"graveyard:skeleton_creeper":1,"minecraft:spider":4,"minecraft:creeper":2,"minecraft:skeleton":1,"minecraft:zombie":1,"minecraft:cow":4},"minecraft:crafted":{"minecraft:cooked_beef":2,"minecraft:oak_planks":44,"minecraft:oak_sign":3,"minecraft:crafting_table":2,"minecraft:dried_kelp":1,"minecraft:furnace":1,"spartanshields:stone_basic_shield":1,"minecraft:copper_ingot":54,"minecraft:stone_axe":1,"spartanshields:copper_basic_shield":1,"minecraft:bread":6,"minecraft:cooked_mutton":5,"minecraft:air":0,"minecraft:oak_boat":2,"minecraft:stick":12,"minecraft:stone_pickaxe":2,"spartanshields:wooden_basic_shield":2,"minecraft:stone_hoe":1},"minecraft:used":{"minecraft:cooked_mutton":5,"minecraft:diorite":2,"minecraft:stone_pickaxe":193,"minecraft:oak_sign":1,"minecraft:wooden_pickaxe":59,"minecraft:stone_hoe":62,"minecraft:rotten_flesh":8,"minecraft:dirt":10,"minecraft:sand":9,"minecraft:crafting_table":4,"minecraft:bread":7,"minecraft:suspicious_stew":2,"minecraft:gravel":4,"minecraft:stone_axe":46,"minecraft:cobblestone":34,"minecraft:furnace":1,"alexsmobs:animal_dictionary":1,"minecraft:oak_boat":7,"minecraft:cooked_beef":1,"minecraft:potato":61},"minecraft:mined":{"minecraft:crafting_table":4,"minecraft:grass_block":6,"minecraft:copper_ore":32,"minecraft:tall_grass":4,"minecraft:cobblestone":1,"minecraft:deepslate_coal_ore":1,"minecraft:diorite":2,"minecraft:sandstone":24,"minecraft:iron_ore":4,"minecraft:ice":3,"minecraft:andesite":1,"minecraft:grass":14,"minecraft:coal_ore":57,"minecraft:potatoes":1,"minecraft:oak_log":11,"minecraft:gravel":4,"minecraft:sand":112,"minecraft:dirt":13,"regions_unexplored:medium_grass":6,"minecraft:stone":101,"minecraft:fern":3},"minecraft:dropped":{"minecraft:cooked_beef":2,"minecraft:bowl":3,"minecraft:birch_sapling":1,"minecraft:rotten_flesh":7,"regions_unexplored:maple_planks":2,"farmersdelight:flint_knife":2},"minecraft:picked_up":{"minecraft:crafting_table":4,"minecraft:cooked_beef":1,"minecraft:andesite":1,"minecraft:leather":1,"minecraft:wooden_pickaxe":1,"minecraft:potato":1,"regions_unexplored:maple_planks":2,"minecraft:oak_log":11,"minecraft:gunpowder":2,"farmersdelight:flint_knife":3,"minecraft:dirt":17,"minecraft:raw_copper":117,"minecraft:bone":2,"minecraft:wheat_seeds":4,"minecraft:beef":9,"minecraft:oak_boat":6,"minecraft:sugar_cane":2,"minecraft:birch_sapling":1,"minecraft:raw_iron":4,"minecraft:sandstone":24,"minecraft:bowl":1,"regions_unexplored:blue_lupine":1,"minecraft:gravel":4,"minecraft:sand":111,"minecraft:diorite":2,"minecraft:spider_eye":2,"minecraft:arrow":2,"minecraft:rotten_flesh":1,"minecraft:oak_sapling":8,"minecraft:coal":55,"minecraft:cobblestone":93},"minecraft:broken":{"minecraft:stone_pickaxe":1,"minecraft:wooden_pickaxe":1}},"DataVersion":3465}