{"stats":{"minecraft:custom":{"minecraft:jump":85,"minecraft:time_since_rest":6641,"minecraft:damage_taken":20,"minecraft:damage_dealt":45,"minecraft:crouch_one_cm":556,"minecraft:leave_game":2,"minecraft:play_time":6641,"minecraft:sprint_one_cm":12614,"minecraft:time_since_death":6641,"minecraft:walk_one_cm":18461,"minecraft:sneak_time":260,"minecraft:total_world_time":6641,"minecraft:fall_one_cm":2148,"minecraft:fly_one_cm":10540},"minecraft:used":{"minecraft:dirt":3},"minecraft:picked_up":{"minecraft:oak_log":4,"minecraft:oak_sapling":1,"minecraft:wooden_pickaxe":1,"minecraft:dirt":4},"minecraft:mined":{"minecraft:grass_block":1,"minecraft:grass":1,"minecraft:oak_log":4,"minecraft:dirt":3}},"DataVersion":3465}