{"stats":{"minecraft:custom":{"minecraft:time_since_rest":18641,"minecraft:sprint_one_cm":39303,"minecraft:damage_taken":20,"minecraft:walk_one_cm":55743,"minecraft:drop":1,"minecraft:damage_dealt":45,"minecraft:interact_with_crafting_table":3,"minecraft:fly_one_cm":39772,"minecraft:open_chest":1,"minecraft:crouch_one_cm":1132,"minecraft:play_time":18641,"minecraft:sneak_time":1136,"minecraft:jump":308,"minecraft:leave_game":2,"minecraft:walk_on_water_one_cm":234,"minecraft:time_since_death":18641,"minecraft:total_world_time":18641,"minecraft:fall_one_cm":5823},"minecraft:crafted":{"minecraft:oak_planks":20,"minecraft:crafting_table":1,"minecraft:stick":4,"minecraft:stone_pickaxe":1,"minecraft:stone_axe":1,"minecraft:bread":6},"minecraft:used":{"minecraft:stone_pickaxe":24,"minecraft:suspicious_stew":1,"minecraft:wooden_pickaxe":23,"minecraft:stone_axe":2,"minecraft:dirt":8,"minecraft:sand":9,"minecraft:crafting_table":2},"minecraft:mined":{"minecraft:crafting_table":2,"minecraft:grass":3,"minecraft:grass_block":1,"minecraft:oak_log":5,"minecraft:dirt":7,"minecraft:sand":55,"minecraft:copper_ore":12,"minecraft:stone":35},"minecraft:dropped":{"minecraft:bowl":1},"minecraft:picked_up":{"minecraft:crafting_table":2,"minecraft:wooden_pickaxe":1,"minecraft:bowl":1,"minecraft:sand":60,"minecraft:oak_log":5,"minecraft:dirt":8,"minecraft:raw_copper":42,"minecraft:oak_sapling":7,"minecraft:birch_sapling":1,"minecraft:cobblestone":32}},"DataVersion":3465}