{"stats":{"minecraft:custom":{"minecraft:time_since_rest":30641,"minecraft:sprint_one_cm":111192,"minecraft:damage_taken":300,"minecraft:walk_one_cm":80382,"minecraft:mob_kills":5,"minecraft:drop":2,"minecraft:damage_dealt":1491,"minecraft:swim_one_cm":4719,"minecraft:interact_with_crafting_table":3,"minecraft:fly_one_cm":145107,"minecraft:open_chest":1,"minecraft:crouch_one_cm":1725,"minecraft:play_time":30641,"minecraft:sneak_time":1543,"minecraft:walk_under_water_one_cm":2418,"minecraft:jump":711,"minecraft:leave_game":2,"minecraft:walk_on_water_one_cm":3667,"minecraft:time_since_death":30641,"minecraft:total_world_time":30641,"minecraft:fall_one_cm":11677},"minecraft:killed":{"minecraft:skeleton":1,"minecraft:spider":3,"minecraft:creeper":1},"minecraft:crafted":{"minecraft:oak_planks":20,"minecraft:crafting_table":1,"minecraft:stick":4,"minecraft:stone_pickaxe":1,"minecraft:stone_axe":1,"minecraft:bread":6},"minecraft:used":{"minecraft:bread":6,"minecraft:stone_pickaxe":47,"minecraft:suspicious_stew":1,"minecraft:wooden_pickaxe":59,"minecraft:stone_axe":19,"minecraft:dirt":8,"minecraft:sand":9,"minecraft:cobblestone":3,"minecraft:crafting_table":2},"minecraft:dropped":{"minecraft:bowl":2},"minecraft:mined":{"minecraft:ice":1,"minecraft:crafting_table":2,"minecraft:grass":4,"minecraft:grass_block":1,"minecraft:oak_log":5,"minecraft:dirt":9,"minecraft:sand":112,"minecraft:copper_ore":16,"minecraft:stone":47,"minecraft:sandstone":24},"minecraft:picked_up":{"minecraft:crafting_table":2,"minecraft:sandstone":24,"minecraft:wooden_pickaxe":1,"minecraft:bowl":1,"minecraft:sand":111,"minecraft:oak_log":5,"minecraft:gunpowder":2,"minecraft:spider_eye":2,"minecraft:dirt":8,"minecraft:raw_copper":54,"minecraft:arrow":2,"minecraft:bone":2,"minecraft:oak_sapling":8,"minecraft:sugar_cane":2,"minecraft:birch_sapling":1,"minecraft:cobblestone":40},"minecraft:broken":{"minecraft:wooden_pickaxe":1}},"DataVersion":3465}