{"stats":{"minecraft:dropped":{"minecraft:kelp":6,"spartanshields:stone_basic_shield":1,"minecraft:cooked_beef":2,"minecraft:bowl":3,"minecraft:birch_sapling":1,"minecraft:rotten_flesh":7,"regions_unexplored:maple_planks":2,"farmersdelight:flint_knife":2},"minecraft:mined":{"minecraft:crafting_table":5,"minecraft:grass_block":6,"minecraft:tall_grass":5,"minecraft:copper_ore":32,"minecraft:cobblestone":1,"minecraft:deepslate_coal_ore":1,"minecraft:diorite":2,"minecraft:sandstone":24,"minecraft:iron_ore":4,"minecraft:ice":3,"minecraft:andesite":1,"minecraft:grass":15,"minecraft:oak_log":22,"minecraft:potatoes":33,"minecraft:coal_ore":57,"regions_unexplored:apple_oak_leaves":3,"minecraft:dirt":13,"minecraft:gravel":4,"minecraft:sand":112,"regions_unexplored:medium_grass":9,"minecraft:stone":101,"minecraft:oak_leaves":4,"minecraft:fern":5},"minecraft:killed":{"minecraft:pig":2,"graveyard:skeleton_creeper":1,"minecraft:spider":11,"minecraft:creeper":3,"minecraft:skeleton":6,"minecraft:zombie":1,"minecraft:drowned":1,"alexsmobs:fly":3,"minecraft:cow":4},"minecraft:custom":{"minecraft:interact_with_furnace":30,"spartanshields:shield_bash_hits":5,"minecraft:mob_kills":32,"minecraft:interact_with_crafting_table":18,"minecraft:leave_game":2,"minecraft:time_since_death":149739,"minecraft:sleep_in_bed":21,"minecraft:climb_one_cm":5621,"minecraft:time_since_rest":19831,"minecraft:sprint_one_cm":474830,"minecraft:damage_taken":1215,"minecraft:walk_one_cm":318907,"minecraft:damage_blocked_by_shield":100,"minecraft:drop":20,"minecraft:damage_dealt":5391,"minecraft:swim_one_cm":40319,"minecraft:talked_to_villager":1,"minecraft:fly_one_cm":701224,"minecraft:open_chest":41,"minecraft:crouch_one_cm":5428,"minecraft:play_time":149739,"minecraft:sneak_time":3513,"minecraft:walk_under_water_one_cm":7821,"minecraft:boat_one_cm":355856,"minecraft:jump":3264,"minecraft:walk_on_water_one_cm":14314,"minecraft:total_world_time":149739,"minecraft:fall_one_cm":83712},"minecraft:broken":{"minecraft:stone_pickaxe":1,"minecraft:stone_axe":1,"minecraft:wooden_pickaxe":1},"minecraft:picked_up":{"minecraft:crafting_table":5,"minecraft:cooked_beef":1,"minecraft:andesite":1,"minecraft:leather":1,"minecraft:wooden_pickaxe":1,"minecraft:potato":113,"regions_unexplored:maple_planks":2,"minecraft:oak_log":22,"minecraft:gunpowder":2,"minecraft:dirt":17,"farmersdelight:flint_knife":3,"minecraft:string":9,"minecraft:raw_copper":117,"minecraft:bone":7,"minecraft:kelp":6,"minecraft:wheat_seeds":4,"minecraft:beef":9,"minecraft:oak_boat":7,"minecraft:sugar_cane":2,"minecraft:birch_sapling":1,"minecraft:raw_iron":4,"minecraft:sandstone":24,"minecraft:bowl":1,"minecraft:poisonous_potato":2,"minecraft:gravel":4,"regions_unexplored:blue_lupine":1,"minecraft:porkchop":3,"minecraft:sand":111,"minecraft:diorite":2,"minecraft:spider_eye":4,"minecraft:arrow":7,"minecraft:rotten_flesh":1,"alexsmobs:maggot":2,"minecraft:oak_sapling":8,"minecraft:coal":55,"regions_unexplored:apple_oak_sapling":1,"minecraft:cobblestone":93},"minecraft:used":{"minecraft:cooked_mutton":5,"minecraft:diorite":2,"minecraft:stone_pickaxe":193,"minecraft:oak_sign":1,"minecraft:wooden_pickaxe":59,"minecraft:stone_hoe":62,"minecraft:rotten_flesh":8,"minecraft:sand":9,"minecraft:dirt":10,"minecraft:crafting_table":5,"alexsmobs:maggot":2,"minecraft:bread":26,"minecraft:suspicious_stew":2,"minecraft:gravel":4,"minecraft:stone_axe":101,"minecraft:cobblestone":59,"spartanshields:copper_basic_shield":4,"minecraft:furnace":1,"alexsmobs:animal_dictionary":1,"minecraft:oak_boat":8,"minecraft:cooked_beef":1,"minecraft:potato":94,"regions_unexplored:blue_lupine":1},"minecraft:crafted":{"minecraft:cooked_beef":2,"minecraft:oak_planks":44,"minecraft:oak_sign":3,"minecraft:crafting_table":2,"minecraft:dried_kelp":1,"minecraft:baked_potato":64,"minecraft:furnace":1,"spartanshields:stone_basic_shield":1,"minecraft:copper_ingot":117,"minecraft:stone_axe":2,"spartanshields:copper_basic_shield":1,"minecraft:bread":6,"minecraft:cooked_mutton":5,"minecraft:air":0,"minecraft:oak_boat":3,"minecraft:stick":12,"minecraft:stone_pickaxe":2,"spartanshields:wooden_basic_shield":2,"minecraft:stone_hoe":1}},"DataVersion":3465}