{"stats":{"minecraft:custom":{"minecraft:interact_with_furnace":15,"minecraft:mob_kills":14,"minecraft:interact_with_crafting_table":16,"minecraft:time_since_death":7422,"minecraft:sleep_in_bed":1,"minecraft:time_since_rest":851,"minecraft:sprint_one_cm":122666,"minecraft:damage_taken":890,"minecraft:walk_one_cm":305448,"minecraft:drop":2,"minecraft:damage_dealt":1478,"minecraft:swim_one_cm":11134,"minecraft:fly_one_cm":96029,"minecraft:open_chest":11,"minecraft:crouch_one_cm":39,"minecraft:play_time":49695,"minecraft:deaths":3,"minecraft:sneak_time":43,"minecraft:walk_under_water_one_cm":17480,"minecraft:jump":579,"minecraft:walk_on_water_one_cm":10855,"minecraft:total_world_time":49695,"minecraft:fall_one_cm":11992},"minecraft:killed":{"minecraft:spider":1,"minecraft:sheep":6,"minecraft:zombie":1,"minecraft:chicken":4,"alexsmobs:fly":1,"aquaculture:atlantic_herring":1},"minecraft:killed_by":{"minecraft:zombie":1,"alexsmobs:orca":2},"minecraft:crafted":{"minecraft:wooden_sword":1,"minecraft:oak_planks":68,"minecraft:crafting_table":2,"minecraft:wooden_pickaxe":2,"minecraft:cooked_chicken":4,"minecraft:furnace":1,"minecraft:stone_axe":1,"minecraft:orange_dye":1,"minecraft:cooked_mutton":9,"minecraft:air":0,"minecraft:stick":16,"minecraft:iron_ingot":5,"minecraft:stone_pickaxe":2,"minecraft:stone_sword":1,"minecraft:white_bed":1,"minecraft:orange_bed":1,"minecraft:shears":1},"minecraft:used":{"minecraft:cooked_mutton":3,"minecraft:stone_sword":33,"minecraft:stone_pickaxe":7,"minecraft:wooden_pickaxe":43,"minecraft:orange_bed":1,"minecraft:crafting_table":4,"quark:hollow_oak_log":1,"minecraft:stone_axe":5,"minecraft:wooden_sword":11,"minecraft:furnace":2,"alexsmobs:animal_dictionary":1},"minecraft:dropped":{"minecraft:light_gray_wool":1,"minecraft:sand":1},"minecraft:picked_up":{"minecraft:crafting_table":3,"minecraft:feather":5,"minecraft:chicken":4,"minecraft:brown_wool":1,"quark:hollow_oak_log":1,"minecraft:oak_log":17,"minecraft:string":2,"minecraft:moss_carpet":1,"minecraft:apple":1,"minecraft:light_gray_wool":1,"minecraft:birch_sapling":2,"minecraft:oak_planks":1,"aquaculture:atlantic_herring":1,"minecraft:furnace":2,"regions_unexplored:orange_coneflower":1,"minecraft:stick":2,"minecraft:raw_iron":5,"minecraft:sand":8,"minecraft:rotten_flesh":5,"minecraft:oak_sapling":2,"minecraft:black_wool":1,"minecraft:mutton":11,"minecraft:coal":14,"minecraft:white_wool":3,"minecraft:cobblestone":34},"minecraft:mined":{"regions_unexplored:orange_coneflower":1,"minecraft:crafting_table":3,"minecraft:tall_grass":1,"minecraft:cobblestone":3,"minecraft:oak_planks":1,"minecraft:furnace":2,"minecraft:iron_ore":5,"minecraft:oak_log":17,"minecraft:coal_ore":8,"minecraft:sand":11,"quark:hollow_oak_log":1,"regions_unexplored:medium_grass":3,"minecraft:stone":31,"minecraft:oak_leaves":2}},"DataVersion":3465}