{"stats":{"minecraft:dropped":{"minecraft:sand":1,"minecraft:light_gray_wool":1},"minecraft:mined":{"minecraft:deepslate_tiles":14,"farmersdelight:onions":16,"farmersdelight:wild_carrots":10,"minecraft:purple_terracotta":24,"minecraft:grass_block":4,"minecraft:deepslate_bricks":8,"farmersdelight:tomatoes":16,"minecraft:furnace":3,"farmersdelight:rice":2,"minecraft:iron_ore":14,"minecraft:pumpkin":4,"minecraft:potatoes":1,"minecraft:lantern":1,"regions_unexplored:apple_oak_leaves":3,"farmersdelight:rice_panicles":2,"regions_unexplored:medium_grass":4,"minecraft:stone":254,"minecraft:pink_terracotta":30,"minecraft:orange_bed":1,"regions_unexplored:orange_coneflower":1,"minecraft:scaffolding":1,"minecraft:red_bed":1,"minecraft:deepslate_brick_wall":2,"minecraft:spruce_door":1,"minecraft:crafting_table":5,"minecraft:chest":1,"farmersdelight:cabbages":16,"minecraft:tall_grass":2,"minecraft:copper_ore":10,"minecraft:cobblestone":3,"minecraft:oak_planks":1,"minecraft:cracked_deepslate_bricks":13,"minecraft:diorite":3,"minecraft:wall_torch":2,"minecraft:spruce_stairs":9,"minecraft:red_terracotta":22,"minecraft:blue_terracotta":16,"minecraft:magenta_terracotta":12,"minecraft:spruce_log":31,"minecraft:cracked_deepslate_tiles":5,"minecraft:oak_log":17,"minecraft:coal_ore":65,"minecraft:sand":11,"minecraft:dirt":14,"quark:hollow_oak_log":1,"minecraft:oak_leaves":8,"minecraft:fern":1},"minecraft:killed":{"minecraft:spider":2,"minecraft:chicken":4,"aquaculture:atlantic_herring":1,"minecraft:pig":4,"minecraft:sheep":6,"minecraft:zombie":1,"alexsmobs:fly":1},"minecraft:custom":{"minecraft:mob_kills":19,"minecraft:interact_with_crafting_table":23,"minecraft:time_since_death":101007,"minecraft:climb_one_cm":1862,"minecraft:sprint_one_cm":171303,"minecraft:walk_one_cm":943200,"minecraft:drop":2,"minecraft:play_time":143280,"minecraft:deaths":3,"minecraft:sneak_time":1855,"minecraft:walk_under_water_one_cm":17554,"minecraft:jump":1245,"minecraft:walk_on_water_one_cm":11143,"minecraft:total_world_time":143280,"minecraft:interact_with_furnace":55,"minecraft:sleep_in_bed":8,"minecraft:time_since_rest":16722,"minecraft:damage_taken":1047,"minecraft:damage_dealt":1977,"minecraft:swim_one_cm":13799,"minecraft:fly_one_cm":128454,"minecraft:open_chest":87,"minecraft:crouch_one_cm":3892,"minecraft:fall_one_cm":16814},"minecraft:broken":{"minecraft:wooden_pickaxe":1,"minecraft:stone_pickaxe":3},"minecraft:killed_by":{"minecraft:zombie":1,"alexsmobs:orca":2},"minecraft:picked_up":{"minecraft:crafting_table":5,"minecraft:chicken":4,"quark:hollow_oak_log":1,"minecraft:string":4,"minecraft:red_bed":1,"minecraft:moss_carpet":1,"minecraft:raw_copper":33,"minecraft:deepslate_tiles":14,"farmersdelight:cabbage":16,"minecraft:light_gray_wool":1,"minecraft:chest":1,"minecraft:birch_sapling":2,"farmersdelight:cabbage_seeds":40,"minecraft:furnace":3,"minecraft:stick":2,"minecraft:raw_iron":14,"minecraft:deepslate_brick_wall":2,"farmersdelight:rotten_tomato":2,"minecraft:torch":3,"minecraft:spruce_stairs":6,"minecraft:porkchop":5,"farmersdelight:tomato_seeds":16,"minecraft:diorite":3,"minecraft:carrot":10,"minecraft:pink_terracotta":31,"minecraft:purple_terracotta":23,"minecraft:orange_bed":1,"minecraft:rotten_flesh":6,"farmersdelight:onion":61,"minecraft:deepslate_bricks":8,"minecraft:cracked_deepslate_bricks":13,"minecraft:mutton":11,"minecraft:white_wool":3,"minecraft:cobblestone":256,"minecraft:cracked_deepslate_tiles":5,"minecraft:feather":5,"farmersdelight:rice":2,"minecraft:brown_wool":1,"minecraft:potato":3,"minecraft:oak_log":17,"farmersdelight:tomato":22,"minecraft:magenta_terracotta":12,"minecraft:dirt":18,"minecraft:lantern":2,"minecraft:apple":1,"minecraft:oak_planks":1,"aquaculture:atlantic_herring":1,"regions_unexplored:orange_coneflower":1,"minecraft:scaffolding":1,"minecraft:pumpkin":4,"minecraft:sand":8,"minecraft:spruce_log":31,"minecraft:red_terracotta":28,"minecraft:spruce_door":1,"minecraft:blue_terracotta":16,"minecraft:oak_sapling":2,"minecraft:black_wool":1,"minecraft:coal":70},"minecraft:used":{"minecraft:moss_carpet":1,"minecraft:stone_sword":43,"minecraft:cracked_deepslate_bricks":4,"farmersdelight:cabbage_seeds":16,"minecraft:chest":1,"minecraft:orange_bed":2,"minecraft:torch":7,"minecraft:dirt":2,"minecraft:spruce_stairs":6,"minecraft:pink_terracotta":7,"minecraft:lantern":2,"minecraft:magenta_terracotta":11,"minecraft:furnace":3,"minecraft:potato":1,"farmersdelight:tomato_seeds":16,"minecraft:deepslate_brick_wall":2,"minecraft:cooked_mutton":3,"minecraft:stone_pickaxe":446,"minecraft:baked_potato":7,"minecraft:wooden_pickaxe":58,"minecraft:spruce_sign":4,"minecraft:deepslate_bricks":7,"minecraft:cookie":1,"minecraft:crafting_table":7,"farmersdelight:rice":1,"minecraft:purple_terracotta":13,"minecraft:spruce_log":9,"minecraft:deepslate_tiles":11,"quark:hollow_oak_log":1,"minecraft:red_terracotta":7,"minecraft:stone_axe":55,"minecraft:wooden_sword":11,"minecraft:cobblestone":24,"alexsmobs:animal_dictionary":1},"minecraft:crafted":{"minecraft:wooden_sword":1,"minecraft:oak_planks":68,"minecraft:cooked_chicken":4,"minecraft:furnace":1,"minecraft:cooked_mutton":11,"minecraft:stone_pickaxe":5,"minecraft:cooked_porkchop":2,"minecraft:spruce_sign":3,"minecraft:crafting_table":2,"minecraft:spruce_planks":24,"minecraft:wooden_pickaxe":2,"minecraft:baked_potato":16,"minecraft:copper_ingot":33,"minecraft:stone_axe":1,"minecraft:orange_dye":1,"minecraft:bread":5,"minecraft:air":0,"minecraft:stick":32,"minecraft:iron_ingot":11,"minecraft:iron_pickaxe":1,"minecraft:stone_sword":1,"minecraft:white_bed":1,"minecraft:orange_bed":1,"minecraft:torch":20,"minecraft:shears":1}},"DataVersion":3465}