{"stats":{"minecraft:mined":{"minecraft:deepslate_tiles":16,"farmersdelight:onions":16,"farmersdelight:wild_carrots":10,"minecraft:purple_terracotta":24,"minecraft:grass_block":4,"minecraft:deepslate_bricks":13,"farmersdelight:tomatoes":16,"minecraft:large_fern":1,"minecraft:furnace":3,"farmersdelight:rice":2,"minecraft:iron_ore":14,"minecraft:pumpkin":4,"minecraft:potatoes":1,"minecraft:lantern":2,"regions_unexplored:apple_oak_leaves":3,"farmersdelight:rice_panicles":2,"regions_unexplored:medium_grass":4,"minecraft:stone":258,"minecraft:pink_terracotta":30,"minecraft:orange_bed":1,"regions_unexplored:orange_coneflower":1,"minecraft:scaffolding":8,"minecraft:red_bed":1,"minecraft:deepslate_brick_wall":2,"minecraft:spruce_door":2,"minecraft:soul_lantern":1,"minecraft:clay":3,"minecraft:crafting_table":5,"minecraft:chest":1,"farmersdelight:cabbages":16,"minecraft:tall_grass":2,"minecraft:copper_ore":10,"minecraft:cobblestone":40,"minecraft:oak_planks":1,"minecraft:cracked_deepslate_bricks":15,"minecraft:diorite":3,"minecraft:wall_torch":2,"minecraft:spruce_stairs":9,"minecraft:red_terracotta":22,"minecraft:blue_terracotta":16,"minecraft:magenta_terracotta":12,"minecraft:spruce_log":32,"minecraft:birch_leaves":2,"minecraft:grass":2,"minecraft:cracked_deepslate_tiles":7,"minecraft:oak_log":17,"minecraft:coal_ore":78,"minecraft:sand":11,"minecraft:dirt":114,"quark:hollow_oak_log":1,"minecraft:terracotta":2,"minecraft:oak_leaves":17,"minecraft:fern":1},"minecraft:killed":{"minecraft:spider":2,"minecraft:chicken":4,"aquaculture:atlantic_herring":1,"minecraft:pig":4,"minecraft:sheep":6,"minecraft:zombie":3,"alexsmobs:fly":2},"minecraft:used":{"minecraft:moss_carpet":1,"minecraft:stone_sword":52,"minecraft:cracked_deepslate_bricks":4,"farmersdelight:cabbage_seeds":16,"minecraft:chest":1,"minecraft:orange_bed":2,"minecraft:torch":7,"minecraft:dirt":42,"minecraft:spruce_stairs":6,"minecraft:pink_terracotta":7,"minecraft:fern":1,"minecraft:lantern":5,"farmersdelight:rotten_tomato":2,"minecraft:scaffolding":11,"minecraft:magenta_terracotta":11,"minecraft:furnace":3,"minecraft:potato":1,"farmersdelight:tomato_seeds":16,"minecraft:large_fern":1,"minecraft:deepslate_brick_wall":2,"minecraft:cooked_mutton":3,"minecraft:stone_pickaxe":525,"minecraft:baked_potato":10,"minecraft:wooden_pickaxe":58,"minecraft:spruce_sign":4,"minecraft:deepslate_bricks":7,"minecraft:cookie":1,"minecraft:crafting_table":7,"farmersdelight:rice":1,"minecraft:purple_terracotta":13,"minecraft:spruce_log":10,"minecraft:deepslate_tiles":11,"quark:hollow_oak_log":1,"minecraft:red_terracotta":7,"minecraft:soul_lantern":1,"minecraft:stone_axe":56,"minecraft:wooden_sword":11,"minecraft:cobblestone":61,"alexsmobs:animal_dictionary":1},"minecraft:killed_by":{"minecraft:zombie":1,"alexsmobs:orca":2},"minecraft:broken":{"minecraft:wooden_pickaxe":1,"minecraft:stone_pickaxe":3},"minecraft:crafted":{"minecraft:wooden_sword":1,"minecraft:oak_planks":68,"minecraft:cooked_chicken":4,"minecraft:furnace":1,"minecraft:cooked_mutton":11,"minecraft:stone_pickaxe":5,"farlanders:endumium_crystal":1,"minecraft:cooked_porkchop":2,"minecraft:spruce_sign":3,"minecraft:crafting_table":2,"minecraft:spruce_planks":24,"minecraft:wooden_pickaxe":2,"minecraft:baked_potato":16,"minecraft:copper_ingot":33,"minecraft:stone_axe":1,"minecraft:orange_dye":1,"minecraft:bread":5,"minecraft:air":0,"minecraft:stick":32,"minecraft:iron_ingot":13,"minecraft:iron_pickaxe":1,"minecraft:stone_sword":1,"minecraft:white_bed":1,"minecraft:orange_bed":1,"minecraft:torch":20,"minecraft:shears":1},"minecraft:dropped":{"minecraft:baked_potato":1,"minecraft:sand":1,"minecraft:light_gray_wool":1},"minecraft:custom":{"minecraft:mob_kills":22,"minecraft:interact_with_crafting_table":23,"minecraft:time_since_death":11937,"minecraft:climb_one_cm":8262,"minecraft:sprint_one_cm":235371,"minecraft:walk_one_cm":1089480,"minecraft:drop":3,"minecraft:talked_to_villager":1,"minecraft:play_time":177701,"minecraft:deaths":4,"minecraft:sneak_time":2384,"minecraft:walk_under_water_one_cm":28885,"minecraft:jump":1596,"minecraft:walk_on_water_one_cm":26636,"minecraft:total_world_time":177701,"minecraft:interact_with_furnace":56,"minecraft:traded_with_villager":1,"minecraft:sleep_in_bed":9,"minecraft:time_since_rest":12015,"minecraft:damage_taken":1144,"minecraft:damage_dealt":2315,"minecraft:swim_one_cm":21894,"minecraft:fly_one_cm":193424,"minecraft:open_chest":113,"minecraft:crouch_one_cm":4033,"minecraft:fall_one_cm":25201},"minecraft:picked_up":{"minecraft:crafting_table":5,"minecraft:chicken":4,"quark:hollow_oak_log":1,"minecraft:string":4,"minecraft:red_bed":1,"minecraft:moss_carpet":1,"minecraft:raw_copper":33,"minecraft:deepslate_tiles":15,"farmersdelight:cabbage":16,"minecraft:light_gray_wool":1,"minecraft:chest":1,"minecraft:birch_sapling":2,"farmersdelight:cabbage_seeds":40,"minecraft:furnace":3,"minecraft:stick":2,"minecraft:raw_iron":14,"minecraft:deepslate_brick_wall":2,"farmersdelight:rotten_tomato":2,"minecraft:torch":3,"minecraft:spruce_stairs":6,"minecraft:porkchop":5,"farmersdelight:tomato_seeds":16,"minecraft:diorite":3,"minecraft:carrot":10,"minecraft:pink_terracotta":31,"minecraft:purple_terracotta":23,"minecraft:orange_bed":1,"minecraft:rotten_flesh":9,"farmersdelight:onion":61,"minecraft:deepslate_bricks":13,"minecraft:cracked_deepslate_bricks":14,"minecraft:mutton":11,"minecraft:white_wool":3,"minecraft:cobblestone":293,"minecraft:cracked_deepslate_tiles":7,"minecraft:feather":5,"farmersdelight:rice":2,"minecraft:brown_wool":1,"minecraft:potato":3,"minecraft:oak_log":17,"farmersdelight:tomato":22,"minecraft:magenta_terracotta":12,"minecraft:dirt":118,"minecraft:lantern":5,"minecraft:apple":1,"minecraft:oak_planks":1,"aquaculture:atlantic_herring":1,"regions_unexplored:orange_coneflower":1,"minecraft:scaffolding":9,"minecraft:pumpkin":4,"minecraft:sand":8,"minecraft:spruce_log":32,"minecraft:red_terracotta":28,"minecraft:spruce_door":1,"minecraft:blue_terracotta":16,"minecraft:soul_lantern":1,"minecraft:baked_potato":1,"minecraft:oak_sapling":2,"minecraft:black_wool":1,"minecraft:coal":83}},"DataVersion":3465}