{"stats":{"minecraft:custom":{"minecraft:time_since_rest":26715,"minecraft:interact_with_furnace":14,"minecraft:sprint_one_cm":87160,"minecraft:damage_taken":645,"minecraft:walk_one_cm":248832,"minecraft:mob_kills":14,"minecraft:drop":2,"minecraft:damage_dealt":1367,"minecraft:swim_one_cm":3865,"minecraft:interact_with_crafting_table":15,"minecraft:fly_one_cm":39035,"minecraft:open_chest":1,"minecraft:crouch_one_cm":39,"minecraft:play_time":37695,"minecraft:deaths":2,"minecraft:sneak_time":43,"minecraft:walk_under_water_one_cm":14906,"minecraft:jump":381,"minecraft:time_since_death":26688,"minecraft:walk_on_water_one_cm":7755,"minecraft:total_world_time":37695,"minecraft:fall_one_cm":6666},"minecraft:killed":{"minecraft:sheep":6,"minecraft:zombie":1,"minecraft:chicken":4,"alexsmobs:fly":1,"minecraft:spider":1,"aquaculture:atlantic_herring":1},"minecraft:killed_by":{"alexsmobs:orca":2},"minecraft:crafted":{"minecraft:wooden_sword":1,"minecraft:oak_planks":68,"minecraft:crafting_table":2,"minecraft:stick":16,"minecraft:iron_ingot":5,"minecraft:cooked_chicken":4,"minecraft:wooden_pickaxe":2,"minecraft:stone_pickaxe":2,"minecraft:stone_sword":1,"minecraft:white_bed":1,"minecraft:furnace":1,"minecraft:orange_bed":1,"minecraft:orange_dye":1,"minecraft:stone_axe":1,"minecraft:shears":1,"minecraft:air":0,"minecraft:cooked_mutton":9},"minecraft:used":{"quark:hollow_oak_log":1,"minecraft:stone_sword":27,"minecraft:stone_pickaxe":7,"minecraft:wooden_pickaxe":42,"minecraft:stone_axe":5,"minecraft:wooden_sword":11,"minecraft:crafting_table":4,"minecraft:furnace":2,"alexsmobs:animal_dictionary":1},"minecraft:dropped":{"minecraft:light_gray_wool":1,"minecraft:sand":1},"minecraft:picked_up":{"minecraft:raw_iron":5,"minecraft:stick":2,"minecraft:crafting_table":3,"minecraft:feather":5,"minecraft:chicken":4,"minecraft:brown_wool":1,"quark:hollow_oak_log":1,"minecraft:sand":8,"minecraft:oak_log":17,"minecraft:string":2,"minecraft:moss_carpet":1,"minecraft:rotten_flesh":5,"minecraft:apple":1,"regions_unexplored:orange_coneflower":1,"minecraft:black_wool":1,"minecraft:light_gray_wool":1,"minecraft:coal":14,"minecraft:oak_sapling":2,"minecraft:mutton":11,"minecraft:birch_sapling":2,"minecraft:oak_planks":1,"minecraft:white_wool":3,"aquaculture:atlantic_herring":1,"minecraft:cobblestone":34,"minecraft:furnace":1},"minecraft:mined":{"regions_unexplored:orange_coneflower":1,"minecraft:furnace":2,"minecraft:iron_ore":5,"minecraft:crafting_table":3,"minecraft:coal_ore":8,"minecraft:oak_log":17,"minecraft:sand":11,"quark:hollow_oak_log":1,"minecraft:cobblestone":3,"minecraft:stone":31,"minecraft:oak_planks":1,"minecraft:oak_leaves":1}},"DataVersion":3465}