{"stats":{"minecraft:custom":{"minecraft:interact_with_furnace":38,"minecraft:mob_kills":14,"minecraft:interact_with_crafting_table":22,"minecraft:time_since_death":49422,"minecraft:sleep_in_bed":4,"minecraft:climb_one_cm":1862,"minecraft:time_since_rest":12905,"minecraft:sprint_one_cm":127368,"minecraft:damage_taken":1027,"minecraft:walk_one_cm":597314,"minecraft:drop":2,"minecraft:damage_dealt":1488,"minecraft:swim_one_cm":11134,"minecraft:fly_one_cm":97584,"minecraft:open_chest":56,"minecraft:crouch_one_cm":43,"minecraft:play_time":91695,"minecraft:deaths":3,"minecraft:sneak_time":266,"minecraft:walk_under_water_one_cm":17480,"minecraft:jump":749,"minecraft:walk_on_water_one_cm":10855,"minecraft:total_world_time":91695,"minecraft:fall_one_cm":13155},"minecraft:killed":{"minecraft:spider":1,"minecraft:sheep":6,"minecraft:zombie":1,"minecraft:chicken":4,"alexsmobs:fly":1,"aquaculture:atlantic_herring":1},"minecraft:killed_by":{"minecraft:zombie":1,"alexsmobs:orca":2},"minecraft:crafted":{"minecraft:wooden_sword":1,"minecraft:oak_planks":68,"minecraft:spruce_sign":3,"minecraft:crafting_table":2,"minecraft:spruce_planks":24,"minecraft:baked_potato":16,"minecraft:wooden_pickaxe":2,"minecraft:cooked_chicken":4,"minecraft:furnace":1,"minecraft:copper_ingot":6,"minecraft:stone_axe":1,"minecraft:orange_dye":1,"minecraft:bread":5,"minecraft:cooked_mutton":11,"minecraft:air":0,"minecraft:stick":32,"minecraft:iron_ingot":5,"minecraft:iron_pickaxe":1,"minecraft:stone_pickaxe":5,"minecraft:stone_sword":1,"minecraft:white_bed":1,"minecraft:orange_bed":1,"minecraft:shears":1},"minecraft:used":{"minecraft:deepslate_brick_wall":2,"minecraft:cooked_mutton":3,"minecraft:moss_carpet":1,"minecraft:stone_sword":33,"minecraft:cracked_deepslate_bricks":4,"minecraft:stone_pickaxe":170,"minecraft:baked_potato":3,"minecraft:chest":1,"minecraft:wooden_pickaxe":58,"minecraft:spruce_sign":4,"minecraft:deepslate_bricks":7,"minecraft:cookie":1,"minecraft:orange_bed":2,"minecraft:dirt":1,"minecraft:crafting_table":7,"minecraft:spruce_stairs":6,"minecraft:pink_terracotta":7,"minecraft:purple_terracotta":13,"minecraft:spruce_log":9,"minecraft:deepslate_tiles":11,"quark:hollow_oak_log":1,"minecraft:lantern":2,"minecraft:red_terracotta":7,"minecraft:stone_axe":49,"minecraft:wooden_sword":11,"minecraft:magenta_terracotta":11,"minecraft:furnace":3,"alexsmobs:animal_dictionary":1},"minecraft:dropped":{"minecraft:light_gray_wool":1,"minecraft:sand":1},"minecraft:mined":{"regions_unexplored:orange_coneflower":1,"minecraft:deepslate_tiles":14,"minecraft:scaffolding":1,"minecraft:red_bed":1,"minecraft:deepslate_brick_wall":2,"minecraft:spruce_door":1,"minecraft:crafting_table":5,"minecraft:purple_terracotta":24,"minecraft:grass_block":4,"minecraft:chest":1,"minecraft:copper_ore":2,"minecraft:deepslate_bricks":8,"minecraft:tall_grass":2,"minecraft:cobblestone":3,"minecraft:cracked_deepslate_bricks":13,"minecraft:oak_planks":1,"minecraft:spruce_stairs":9,"minecraft:red_terracotta":22,"minecraft:blue_terracotta":16,"minecraft:furnace":3,"minecraft:iron_ore":5,"minecraft:magenta_terracotta":12,"minecraft:spruce_log":31,"minecraft:cracked_deepslate_tiles":5,"minecraft:oak_log":17,"minecraft:coal_ore":8,"minecraft:lantern":1,"minecraft:dirt":13,"minecraft:sand":11,"quark:hollow_oak_log":1,"regions_unexplored:medium_grass":4,"minecraft:stone":56,"minecraft:oak_leaves":7,"minecraft:pink_terracotta":30,"minecraft:orange_bed":1},"minecraft:picked_up":{"minecraft:cracked_deepslate_tiles":5,"minecraft:crafting_table":5,"minecraft:feather":5,"minecraft:chicken":4,"minecraft:brown_wool":1,"quark:hollow_oak_log":1,"minecraft:oak_log":17,"minecraft:dirt":17,"minecraft:lantern":2,"minecraft:magenta_terracotta":12,"minecraft:string":2,"minecraft:red_bed":1,"minecraft:moss_carpet":1,"minecraft:raw_copper":6,"minecraft:apple":1,"minecraft:deepslate_tiles":14,"minecraft:light_gray_wool":1,"minecraft:chest":1,"minecraft:birch_sapling":2,"minecraft:oak_planks":1,"aquaculture:atlantic_herring":1,"minecraft:furnace":3,"regions_unexplored:orange_coneflower":1,"minecraft:scaffolding":1,"minecraft:stick":2,"minecraft:raw_iron":5,"minecraft:deepslate_brick_wall":2,"minecraft:spruce_stairs":6,"minecraft:sand":8,"minecraft:spruce_log":31,"minecraft:spruce_door":1,"minecraft:red_terracotta":28,"minecraft:pink_terracotta":31,"minecraft:purple_terracotta":23,"minecraft:blue_terracotta":16,"minecraft:orange_bed":1,"minecraft:rotten_flesh":5,"minecraft:deepslate_bricks":8,"minecraft:cracked_deepslate_bricks":13,"minecraft:oak_sapling":2,"minecraft:black_wool":1,"minecraft:mutton":11,"minecraft:coal":14,"minecraft:white_wool":3,"minecraft:cobblestone":59},"minecraft:broken":{"minecraft:wooden_pickaxe":1,"minecraft:stone_pickaxe":1}},"DataVersion":3465}