{"stats":{"minecraft:custom":{"minecraft:interact_with_furnace":55,"minecraft:mob_kills":16,"minecraft:interact_with_crafting_table":23,"minecraft:time_since_death":85422,"minecraft:sleep_in_bed":8,"minecraft:climb_one_cm":1862,"minecraft:time_since_rest":1137,"minecraft:sprint_one_cm":146110,"minecraft:damage_taken":1027,"minecraft:walk_one_cm":778277,"minecraft:drop":2,"minecraft:damage_dealt":1617,"minecraft:swim_one_cm":11134,"minecraft:fly_one_cm":111729,"minecraft:open_chest":75,"minecraft:crouch_one_cm":3892,"minecraft:play_time":127695,"minecraft:deaths":3,"minecraft:sneak_time":1843,"minecraft:walk_under_water_one_cm":17480,"minecraft:jump":1083,"minecraft:walk_on_water_one_cm":10855,"minecraft:total_world_time":127695,"minecraft:fall_one_cm":15154},"minecraft:killed":{"minecraft:pig":2,"minecraft:spider":1,"minecraft:sheep":6,"minecraft:zombie":1,"minecraft:chicken":4,"alexsmobs:fly":1,"aquaculture:atlantic_herring":1},"minecraft:killed_by":{"minecraft:zombie":1,"alexsmobs:orca":2},"minecraft:crafted":{"minecraft:wooden_sword":1,"minecraft:oak_planks":68,"minecraft:cooked_porkchop":2,"minecraft:spruce_sign":3,"minecraft:crafting_table":2,"minecraft:spruce_planks":24,"minecraft:baked_potato":16,"minecraft:wooden_pickaxe":2,"minecraft:cooked_chicken":4,"minecraft:furnace":1,"minecraft:copper_ingot":33,"minecraft:stone_axe":1,"minecraft:orange_dye":1,"minecraft:bread":5,"minecraft:cooked_mutton":11,"minecraft:air":0,"minecraft:stick":32,"minecraft:iron_ingot":11,"minecraft:iron_pickaxe":1,"minecraft:stone_pickaxe":5,"minecraft:stone_sword":1,"minecraft:white_bed":1,"minecraft:torch":20,"minecraft:orange_bed":1,"minecraft:shears":1},"minecraft:used":{"minecraft:deepslate_brick_wall":2,"minecraft:cooked_mutton":3,"minecraft:moss_carpet":1,"minecraft:stone_sword":36,"minecraft:cracked_deepslate_bricks":4,"minecraft:stone_pickaxe":425,"minecraft:baked_potato":4,"minecraft:chest":1,"minecraft:wooden_pickaxe":58,"minecraft:spruce_sign":4,"minecraft:deepslate_bricks":7,"minecraft:cookie":1,"minecraft:orange_bed":2,"minecraft:torch":7,"minecraft:dirt":2,"minecraft:crafting_table":7,"minecraft:spruce_stairs":6,"minecraft:pink_terracotta":7,"minecraft:purple_terracotta":13,"minecraft:spruce_log":9,"minecraft:deepslate_tiles":11,"quark:hollow_oak_log":1,"minecraft:lantern":2,"minecraft:red_terracotta":7,"minecraft:stone_axe":53,"minecraft:wooden_sword":11,"minecraft:cobblestone":24,"minecraft:magenta_terracotta":11,"minecraft:furnace":3,"alexsmobs:animal_dictionary":1,"minecraft:potato":1},"minecraft:dropped":{"minecraft:light_gray_wool":1,"minecraft:sand":1},"minecraft:mined":{"regions_unexplored:orange_coneflower":1,"minecraft:deepslate_tiles":14,"minecraft:scaffolding":1,"minecraft:red_bed":1,"minecraft:deepslate_brick_wall":2,"minecraft:spruce_door":1,"minecraft:crafting_table":5,"minecraft:purple_terracotta":24,"minecraft:grass_block":4,"minecraft:chest":1,"minecraft:copper_ore":10,"minecraft:deepslate_bricks":8,"minecraft:tall_grass":2,"minecraft:cobblestone":3,"minecraft:diorite":3,"minecraft:cracked_deepslate_bricks":13,"minecraft:oak_planks":1,"minecraft:wall_torch":2,"minecraft:spruce_stairs":9,"minecraft:red_terracotta":22,"minecraft:blue_terracotta":16,"minecraft:furnace":3,"minecraft:iron_ore":14,"minecraft:magenta_terracotta":12,"minecraft:spruce_log":31,"minecraft:pumpkin":4,"minecraft:potatoes":1,"minecraft:cracked_deepslate_tiles":5,"minecraft:oak_log":17,"minecraft:coal_ore":44,"minecraft:lantern":1,"minecraft:dirt":14,"minecraft:sand":11,"quark:hollow_oak_log":1,"regions_unexplored:medium_grass":4,"minecraft:stone":254,"minecraft:oak_leaves":8,"minecraft:pink_terracotta":30,"minecraft:orange_bed":1},"minecraft:picked_up":{"minecraft:cracked_deepslate_tiles":5,"minecraft:crafting_table":5,"minecraft:feather":5,"minecraft:chicken":4,"minecraft:brown_wool":1,"quark:hollow_oak_log":1,"minecraft:potato":3,"minecraft:oak_log":17,"minecraft:dirt":18,"minecraft:lantern":2,"minecraft:magenta_terracotta":12,"minecraft:string":2,"minecraft:red_bed":1,"minecraft:moss_carpet":1,"minecraft:raw_copper":33,"minecraft:apple":1,"minecraft:deepslate_tiles":14,"minecraft:light_gray_wool":1,"minecraft:chest":1,"minecraft:birch_sapling":2,"minecraft:oak_planks":1,"aquaculture:atlantic_herring":1,"minecraft:furnace":3,"regions_unexplored:orange_coneflower":1,"minecraft:scaffolding":1,"minecraft:stick":2,"minecraft:raw_iron":14,"minecraft:pumpkin":4,"minecraft:deepslate_brick_wall":2,"minecraft:torch":3,"minecraft:spruce_stairs":6,"minecraft:porkchop":2,"minecraft:sand":8,"minecraft:diorite":3,"minecraft:spruce_log":31,"minecraft:spruce_door":1,"minecraft:red_terracotta":28,"minecraft:pink_terracotta":31,"minecraft:purple_terracotta":23,"minecraft:blue_terracotta":16,"minecraft:orange_bed":1,"minecraft:rotten_flesh":6,"minecraft:deepslate_bricks":8,"minecraft:cracked_deepslate_bricks":13,"minecraft:oak_sapling":2,"minecraft:black_wool":1,"minecraft:mutton":11,"minecraft:coal":49,"minecraft:white_wool":3,"minecraft:cobblestone":256},"minecraft:broken":{"minecraft:wooden_pickaxe":1,"minecraft:stone_pickaxe":3}},"DataVersion":3465}