{"stats":{"minecraft:custom":{"minecraft:time_since_rest":2715,"minecraft:deaths":2,"minecraft:play_time":13695,"minecraft:sprint_one_cm":46032,"minecraft:damage_taken":555,"minecraft:walk_one_cm":61439,"minecraft:walk_under_water_one_cm":1524,"minecraft:drop":1,"minecraft:jump":195,"minecraft:damage_dealt":280,"minecraft:walk_on_water_one_cm":2220,"minecraft:time_since_death":2688,"minecraft:total_world_time":13695,"minecraft:swim_one_cm":3865,"minecraft:interact_with_crafting_table":3,"minecraft:fall_one_cm":4934,"minecraft:fly_one_cm":27348},"minecraft:killed_by":{"alexsmobs:orca":2},"minecraft:crafted":{"minecraft:wooden_sword":1,"minecraft:oak_planks":68,"minecraft:crafting_table":1,"minecraft:stick":8,"minecraft:wooden_pickaxe":2},"minecraft:used":{"minecraft:wooden_sword":11,"minecraft:crafting_table":1,"alexsmobs:animal_dictionary":1},"minecraft:dropped":{"minecraft:sand":1},"minecraft:picked_up":{"minecraft:apple":1,"minecraft:sand":7,"minecraft:oak_log":17,"minecraft:birch_sapling":2,"minecraft:oak_planks":1},"minecraft:mined":{"minecraft:oak_log":17,"minecraft:sand":11,"minecraft:oak_planks":1,"minecraft:oak_leaves":1}},"DataVersion":3465}