{"stats":{"minecraft:broken":{"minecraft:wooden_pickaxe":1,"minecraft:stone_pickaxe":4},"minecraft:custom":{"minecraft:mob_kills":30,"minecraft:interact_with_crafting_table":26,"minecraft:open_barrel":5,"minecraft:leave_game":1,"minecraft:time_since_death":51693,"minecraft:climb_one_cm":15779,"minecraft:sprint_one_cm":294582,"minecraft:walk_one_cm":1334831,"minecraft:drop":11,"minecraft:talked_to_villager":1,"minecraft:play_time":217457,"minecraft:deaths":4,"minecraft:sneak_time":3247,"minecraft:walk_under_water_one_cm":36659,"minecraft:boat_one_cm":62246,"minecraft:jump":2015,"minecraft:walk_on_water_one_cm":27603,"minecraft:total_world_time":217457,"minecraft:interact_with_furnace":58,"minecraft:traded_with_villager":1,"minecraft:sleep_in_bed":13,"minecraft:time_since_rest":9152,"minecraft:damage_taken":1441,"minecraft:damage_dealt":4353,"minecraft:swim_one_cm":34932,"minecraft:fly_one_cm":232116,"minecraft:open_chest":139,"minecraft:crouch_one_cm":4464,"minecraft:fall_one_cm":29288},"minecraft:killed":{"minecraft:spider":2,"minecraft:chicken":4,"aquaculture:atlantic_herring":1,"minecraft:husk":5,"minecraft:pig":4,"minecraft:sheep":9,"minecraft:zombie":3,"alexsmobs:fly":2},"minecraft:mined":{"minecraft:deepslate_tiles":30,"farmersdelight:onions":16,"minecraft:white_bed":2,"regions_unexplored:maple_log":7,"farmersdelight:wild_carrots":10,"minecraft:purple_terracotta":24,"minecraft:grass_block":4,"minecraft:deepslate_bricks":24,"farmersdelight:tomatoes":16,"minecraft:large_fern":1,"minecraft:furnace":3,"farmersdelight:rice":2,"minecraft:iron_ore":23,"minecraft:fire":5,"minecraft:pumpkin":4,"minecraft:potatoes":1,"minecraft:lantern":2,"regions_unexplored:apple_oak_leaves":3,"farmersdelight:rice_panicles":2,"regions_unexplored:medium_grass":10,"minecraft:stone":262,"minecraft:pink_terracotta":30,"minecraft:orange_bed":1,"regions_unexplored:orange_coneflower":2,"minecraft:scaffolding":12,"minecraft:red_bed":1,"regions_unexplored:silver_birch_leaf_pile":5,"minecraft:deepslate_brick_wall":2,"minecraft:spruce_door":2,"minecraft:soul_lantern":1,"minecraft:clay":3,"minecraft:crafting_table":6,"minecraft:chest":4,"farmersdelight:cabbages":16,"minecraft:tall_grass":2,"minecraft:copper_ore":10,"minecraft:cobblestone":40,"minecraft:oak_planks":1,"minecraft:cracked_deepslate_bricks":16,"minecraft:diorite":3,"minecraft:wall_torch":5,"minecraft:spruce_stairs":9,"minecraft:purple_bed":2,"minecraft:red_terracotta":22,"minecraft:blue_terracotta":16,"minecraft:magenta_terracotta":12,"minecraft:spruce_log":32,"minecraft:birch_leaves":2,"minecraft:grass":11,"minecraft:cracked_deepslate_tiles":15,"minecraft:oak_log":17,"minecraft:coal_ore":89,"minecraft:sand":11,"minecraft:dirt":172,"quark:hollow_oak_log":1,"minecraft:terracotta":2,"minecraft:oak_leaves":17,"minecraft:fern":1},"minecraft:used":{"minecraft:moss_carpet":1,"minecraft:stone_sword":108,"minecraft:cracked_deepslate_bricks":17,"farmersdelight:cabbage_seeds":16,"minecraft:chest":4,"minecraft:white_terracotta":5,"minecraft:cooked_chicken":3,"minecraft:orange_bed":2,"minecraft:torch":10,"minecraft:dirt":43,"minecraft:spruce_stairs":6,"minecraft:cracked_deepslate_tiles":15,"minecraft:pink_terracotta":7,"minecraft:fern":1,"minecraft:lantern":5,"farmersdelight:rotten_tomato":2,"minecraft:magenta_terracotta":11,"minecraft:scaffolding":21,"minecraft:furnace":3,"minecraft:potato":1,"farmersdelight:tomato_seeds":16,"minecraft:large_fern":1,"minecraft:deepslate_brick_wall":2,"minecraft:cooked_mutton":3,"minecraft:stone_pickaxe":585,"minecraft:baked_potato":11,"minecraft:wooden_pickaxe":58,"minecraft:spruce_sign":4,"minecraft:deepslate_bricks":20,"minecraft:cookie":1,"minecraft:crafting_table":8,"minecraft:red_bed":1,"minecraft:white_bed":2,"farmersdelight:rice":1,"minecraft:purple_terracotta":13,"minecraft:painting":1,"minecraft:spruce_log":10,"minecraft:deepslate_tiles":29,"quark:hollow_oak_log":1,"minecraft:bread":3,"minecraft:red_terracotta":7,"minecraft:soul_lantern":1,"minecraft:stone_axe":67,"minecraft:wooden_sword":11,"minecraft:cobblestone":64,"alexsmobs:animal_dictionary":1,"regions_unexplored:maple_boat":1},"minecraft:crafted":{"minecraft:wooden_sword":1,"minecraft:oak_planks":68,"regions_unexplored:maple_planks":28,"minecraft:cooked_chicken":4,"minecraft:furnace":1,"minecraft:cooked_mutton":11,"minecraft:stone_pickaxe":7,"farlanders:endumium_crystal":1,"minecraft:cooked_porkchop":2,"minecraft:spruce_sign":3,"minecraft:crafting_table":3,"minecraft:spruce_planks":24,"minecraft:wooden_pickaxe":2,"minecraft:baked_potato":16,"minecraft:copper_ingot":33,"regions_unexplored:maple_boat":1,"minecraft:stone_axe":1,"minecraft:orange_dye":1,"minecraft:bread":5,"minecraft:air":0,"minecraft:stick":32,"minecraft:iron_ingot":13,"minecraft:iron_pickaxe":1,"minecraft:stone_sword":1,"minecraft:white_bed":2,"minecraft:orange_bed":1,"minecraft:torch":20,"minecraft:shears":1},"minecraft:dropped":{"minecraft:baked_potato":1,"minecraft:sand":1,"regions_unexplored:silver_birch_leaf_pile":8,"minecraft:light_gray_wool":1},"minecraft:killed_by":{"minecraft:zombie":1,"alexsmobs:orca":2},"minecraft:picked_up":{"minecraft:crafting_table":6,"minecraft:chicken":4,"quark:hollow_oak_log":1,"minecraft:potion":2,"regions_unexplored:maple_boat":1,"minecraft:string":4,"minecraft:red_bed":2,"minecraft:moss_carpet":1,"minecraft:raw_copper":33,"minecraft:deepslate_tiles":29,"farmersdelight:cabbage":16,"minecraft:light_gray_wool":1,"minecraft:chest":4,"minecraft:birch_sapling":2,"farmersdelight:cabbage_seeds":40,"minecraft:furnace":3,"minecraft:stick":6,"minecraft:raw_iron":23,"regions_unexplored:silver_birch_leaf_pile":8,"minecraft:deepslate_brick_wall":2,"farmersdelight:rotten_tomato":2,"minecraft:torch":6,"minecraft:spruce_stairs":6,"minecraft:porkchop":5,"farmersdelight:tomato_seeds":16,"minecraft:diorite":3,"minecraft:carrot":10,"minecraft:pink_terracotta":31,"minecraft:purple_terracotta":23,"minecraft:orange_bed":1,"minecraft:rotten_flesh":12,"farmersdelight:onion":61,"minecraft:deepslate_bricks":20,"minecraft:cracked_deepslate_bricks":17,"minecraft:white_terracotta":7,"minecraft:mutton":15,"minecraft:white_wool":6,"minecraft:cobblestone":297,"minecraft:cracked_deepslate_tiles":15,"minecraft:feather":5,"farmersdelight:rice":2,"minecraft:brown_wool":1,"minecraft:potato":3,"minecraft:oak_log":17,"minecraft:magenta_terracotta":12,"farmersdelight:tomato":22,"minecraft:dirt":142,"minecraft:lantern":5,"minecraft:apple":1,"minecraft:wheat_seeds":2,"minecraft:oak_planks":1,"aquaculture:atlantic_herring":1,"regions_unexplored:orange_coneflower":1,"minecraft:scaffolding":19,"minecraft:pumpkin":4,"minecraft:sand":8,"minecraft:white_bed":2,"minecraft:spruce_log":32,"minecraft:red_terracotta":28,"minecraft:spruce_door":1,"minecraft:light_gray_terracotta":3,"minecraft:blue_terracotta":16,"minecraft:soul_lantern":1,"minecraft:painting":1,"regions_unexplored:maple_log":7,"minecraft:baked_potato":1,"minecraft:oak_sapling":2,"minecraft:black_wool":1,"minecraft:coal":94}},"DataVersion":3465}