{"stats":{"minecraft:custom":{"minecraft:interact_with_furnace":16,"minecraft:mob_kills":14,"minecraft:interact_with_crafting_table":20,"minecraft:time_since_death":25422,"minecraft:sleep_in_bed":2,"minecraft:climb_one_cm":52,"minecraft:time_since_rest":5059,"minecraft:sprint_one_cm":124754,"minecraft:damage_taken":929,"minecraft:walk_one_cm":439725,"minecraft:drop":2,"minecraft:damage_dealt":1478,"minecraft:swim_one_cm":11134,"minecraft:fly_one_cm":96590,"minecraft:open_chest":34,"minecraft:crouch_one_cm":39,"minecraft:play_time":67695,"minecraft:deaths":3,"minecraft:sneak_time":156,"minecraft:walk_under_water_one_cm":17480,"minecraft:jump":637,"minecraft:walk_on_water_one_cm":10855,"minecraft:total_world_time":67695,"minecraft:fall_one_cm":12201},"minecraft:killed":{"minecraft:spider":1,"minecraft:sheep":6,"minecraft:zombie":1,"minecraft:chicken":4,"alexsmobs:fly":1,"aquaculture:atlantic_herring":1},"minecraft:killed_by":{"minecraft:zombie":1,"alexsmobs:orca":2},"minecraft:crafted":{"minecraft:wooden_sword":1,"minecraft:oak_planks":68,"minecraft:spruce_sign":3,"minecraft:crafting_table":2,"minecraft:spruce_planks":24,"minecraft:wooden_pickaxe":2,"minecraft:cooked_chicken":4,"minecraft:furnace":1,"minecraft:stone_axe":1,"minecraft:orange_dye":1,"minecraft:bread":5,"minecraft:cooked_mutton":9,"minecraft:air":0,"minecraft:stick":16,"minecraft:iron_ingot":5,"minecraft:iron_pickaxe":1,"minecraft:stone_pickaxe":2,"minecraft:stone_sword":1,"minecraft:white_bed":1,"minecraft:orange_bed":1,"minecraft:shears":1},"minecraft:used":{"minecraft:cooked_mutton":3,"minecraft:stone_sword":33,"minecraft:stone_pickaxe":114,"minecraft:wooden_pickaxe":58,"minecraft:spruce_sign":4,"minecraft:cookie":1,"minecraft:orange_bed":2,"minecraft:crafting_table":4,"minecraft:pink_terracotta":7,"minecraft:purple_terracotta":11,"minecraft:spruce_log":2,"quark:hollow_oak_log":1,"minecraft:red_terracotta":7,"minecraft:stone_axe":28,"minecraft:wooden_sword":11,"minecraft:furnace":2,"alexsmobs:animal_dictionary":1},"minecraft:dropped":{"minecraft:light_gray_wool":1,"minecraft:sand":1},"minecraft:mined":{"regions_unexplored:orange_coneflower":1,"minecraft:deepslate_tiles":11,"minecraft:scaffolding":1,"minecraft:red_bed":1,"minecraft:spruce_door":1,"minecraft:crafting_table":3,"minecraft:purple_terracotta":20,"minecraft:deepslate_bricks":3,"minecraft:tall_grass":1,"minecraft:cobblestone":3,"minecraft:cracked_deepslate_bricks":7,"minecraft:oak_planks":1,"minecraft:red_terracotta":22,"minecraft:blue_terracotta":16,"minecraft:furnace":2,"minecraft:iron_ore":5,"minecraft:magenta_terracotta":11,"minecraft:spruce_log":22,"minecraft:cracked_deepslate_tiles":5,"minecraft:oak_log":17,"minecraft:coal_ore":8,"minecraft:sand":11,"quark:hollow_oak_log":1,"regions_unexplored:medium_grass":3,"minecraft:stone":31,"minecraft:oak_leaves":7,"minecraft:pink_terracotta":26,"minecraft:orange_bed":1},"minecraft:picked_up":{"minecraft:cracked_deepslate_tiles":5,"minecraft:crafting_table":3,"minecraft:feather":5,"minecraft:chicken":4,"minecraft:brown_wool":1,"quark:hollow_oak_log":1,"minecraft:oak_log":17,"minecraft:lantern":1,"minecraft:magenta_terracotta":11,"minecraft:string":2,"minecraft:red_bed":1,"minecraft:moss_carpet":1,"minecraft:apple":1,"minecraft:deepslate_tiles":11,"minecraft:light_gray_wool":1,"minecraft:birch_sapling":2,"minecraft:oak_planks":1,"aquaculture:atlantic_herring":1,"minecraft:furnace":2,"regions_unexplored:orange_coneflower":1,"minecraft:scaffolding":1,"minecraft:stick":2,"minecraft:raw_iron":5,"minecraft:sand":8,"minecraft:spruce_log":22,"minecraft:spruce_door":1,"minecraft:red_terracotta":22,"minecraft:pink_terracotta":26,"minecraft:purple_terracotta":20,"minecraft:blue_terracotta":16,"minecraft:orange_bed":1,"minecraft:rotten_flesh":5,"minecraft:deepslate_bricks":3,"minecraft:cracked_deepslate_bricks":7,"minecraft:oak_sapling":2,"minecraft:black_wool":1,"minecraft:mutton":11,"minecraft:coal":14,"minecraft:white_wool":3,"minecraft:cobblestone":34},"minecraft:broken":{"minecraft:wooden_pickaxe":1}},"DataVersion":3465}