{"stats":{"minecraft:custom":{"minecraft:time_since_rest":14715,"minecraft:interact_with_furnace":5,"minecraft:sprint_one_cm":87160,"minecraft:damage_taken":635,"minecraft:walk_one_cm":141702,"minecraft:mob_kills":7,"minecraft:drop":1,"minecraft:damage_dealt":877,"minecraft:swim_one_cm":3865,"minecraft:interact_with_crafting_table":10,"minecraft:fly_one_cm":38612,"minecraft:open_chest":1,"minecraft:play_time":25695,"minecraft:deaths":2,"minecraft:sneak_time":13,"minecraft:walk_under_water_one_cm":3714,"minecraft:jump":308,"minecraft:time_since_death":14688,"minecraft:walk_on_water_one_cm":3848,"minecraft:total_world_time":25695,"minecraft:fall_one_cm":6666},"minecraft:killed":{"minecraft:sheep":1,"minecraft:zombie":1,"minecraft:chicken":4,"minecraft:spider":1},"minecraft:killed_by":{"alexsmobs:orca":2},"minecraft:crafted":{"minecraft:wooden_sword":1,"minecraft:oak_planks":68,"minecraft:crafting_table":1,"minecraft:stick":16,"minecraft:cooked_chicken":3,"minecraft:wooden_pickaxe":2,"minecraft:stone_pickaxe":2,"minecraft:stone_sword":1,"minecraft:furnace":1,"minecraft:stone_axe":1,"minecraft:air":0,"minecraft:cooked_mutton":2},"minecraft:used":{"minecraft:stone_sword":14,"minecraft:wooden_pickaxe":19,"minecraft:stone_axe":2,"minecraft:wooden_sword":11,"minecraft:crafting_table":3,"minecraft:furnace":1,"alexsmobs:animal_dictionary":1},"minecraft:dropped":{"minecraft:sand":1},"minecraft:mined":{"minecraft:crafting_table":2,"minecraft:oak_log":17,"minecraft:sand":11,"minecraft:cobblestone":3,"minecraft:stone":16,"minecraft:oak_planks":1,"minecraft:oak_leaves":1},"minecraft:picked_up":{"minecraft:stick":2,"minecraft:crafting_table":2,"minecraft:feather":5,"minecraft:chicken":4,"minecraft:sand":8,"minecraft:oak_log":17,"minecraft:string":2,"minecraft:rotten_flesh":5,"minecraft:apple":1,"minecraft:light_gray_wool":1,"minecraft:oak_sapling":2,"minecraft:mutton":2,"minecraft:birch_sapling":2,"minecraft:oak_planks":1,"minecraft:cobblestone":19}},"DataVersion":3465}