{"stats":{"minecraft:picked_up":{"minecraft:birch_log":4,"minecraft:crafting_table":1,"minecraft:feather":1,"minecraft:chicken":1,"minecraft:leather":4,"minecraft:oak_stairs":4,"minecraft:birch_planks":12,"minecraft:birch_stairs":2,"minecraft:oak_log":17,"minecraft:dirt":1,"minecraft:beef":9,"minecraft:oak_sapling":5,"minecraft:oak_planks":4,"minecraft:mutton":2,"minecraft:white_wool":1,"minecraft:cobblestone":20,"minecraft:furnace":1},"minecraft:crafted":{"minecraft:cooked_beef":8,"minecraft:oak_planks":4,"minecraft:crafting_table":1,"minecraft:stick":12,"minecraft:wooden_pickaxe":1,"minecraft:stone_pickaxe":1,"minecraft:wooden_axe":1,"minecraft:stone_sword":1,"minecraft:furnace":1,"minecraft:birch_planks":16,"minecraft:stone_axe":1,"minecraft:air":0},"minecraft:mined":{"minecraft:birch_stairs":2,"minecraft:birch_planks":14,"minecraft:furnace":1,"minecraft:birch_log":4,"minecraft:birch_leaves":2,"minecraft:crafting_table":1,"minecraft:grass":4,"minecraft:grass_block":1,"minecraft:oak_log":17,"minecraft:oak_stairs":4,"minecraft:cobblestone":1,"minecraft:stone":19,"minecraft:oak_planks":4,"minecraft:oak_leaves":6},"minecraft:killed":{"minecraft:sheep":1,"minecraft:chicken":1,"minecraft:cow":4},"minecraft:used":{"minecraft:wooden_axe":20,"minecraft:stone_sword":9,"minecraft:birch_planks":3,"minecraft:oak_stairs":4,"minecraft:stone_pickaxe":5,"minecraft:wooden_pickaxe":16,"minecraft:stone_axe":27,"minecraft:cobblestone":4,"minecraft:crafting_table":1,"minecraft:furnace":1,"alexsmobs:animal_dictionary":11,"minecraft:cooked_beef":1},"minecraft:custom":{"minecraft:time_since_rest":14912,"minecraft:interact_with_furnace":7,"minecraft:sprint_one_cm":29159,"minecraft:damage_taken":40,"minecraft:walk_one_cm":40922,"minecraft:mob_kills":6,"minecraft:damage_dealt":555,"minecraft:interact_with_crafting_table":4,"minecraft:fly_one_cm":52245,"minecraft:crouch_one_cm":2094,"minecraft:play_time":14912,"minecraft:sneak_time":636,"minecraft:jump":264,"minecraft:leave_game":1,"minecraft:walk_on_water_one_cm":417,"minecraft:time_since_death":14912,"minecraft:total_world_time":14912,"minecraft:fall_one_cm":6194}},"DataVersion":3465}