{"stats":{"minecraft:mined":{"minecraft:grass_block":13,"minecraft:birch_leaves":8,"minecraft:dirt":1},"minecraft:used":{"alexsmobs:animal_dictionary":1,"minecraft:dirt":14},"minecraft:picked_up":{"minecraft:dirt":14},"minecraft:custom":{"minecraft:jump":76,"minecraft:time_since_rest":10772,"minecraft:damage_taken":100,"minecraft:crouch_one_cm":150,"minecraft:sprint_one_cm":14371,"minecraft:play_time":10772,"minecraft:time_since_death":10772,"minecraft:walk_one_cm":19445,"minecraft:sneak_time":42,"minecraft:total_world_time":10772,"minecraft:fall_one_cm":2443,"minecraft:fly_one_cm":11134}},"DataVersion":3465}