{"stats":{"minecraft:mined":{"minecraft:birch_log":1,"minecraft:grass":12,"minecraft:grass_block":14,"minecraft:birch_leaves":8,"minecraft:dirt":1},"minecraft:used":{"alexsmobs:animal_dictionary":1,"minecraft:dirt":14},"minecraft:picked_up":{"minecraft:birch_log":1,"minecraft:wheat_seeds":1,"minecraft:dirt":15},"minecraft:custom":{"minecraft:jump":103,"minecraft:damage_dealt":20,"minecraft:leave_game":4,"minecraft:crouch_one_cm":150,"minecraft:play_time":24854,"minecraft:sprint_one_cm":26588,"minecraft:damage_taken":135,"minecraft:time_since_death":24854,"minecraft:walk_one_cm":31732,"minecraft:sneak_time":48,"minecraft:total_world_time":24854,"minecraft:fall_one_cm":2443,"minecraft:fly_one_cm":13048,"minecraft:time_since_rest":24854}},"DataVersion":3465}