{"stats":{"minecraft:custom":{"minecraft:jump":24,"minecraft:time_since_rest":1203,"minecraft:leave_game":1,"minecraft:crouch_one_cm":103,"minecraft:sprint_one_cm":3653,"minecraft:play_time":1203,"minecraft:time_since_death":1203,"minecraft:walk_one_cm":2563,"minecraft:sneak_time":9,"minecraft:climb_one_cm":60,"minecraft:total_world_time":1203,"minecraft:fall_one_cm":269,"minecraft:fly_one_cm":3140},"minecraft:mined":{"minecraft:grass":1,"minecraft:grass_block":4,"minecraft:fern":1},"minecraft:picked_up":{"minecraft:dirt":3}},"DataVersion":3465}