{"stats":{"minecraft:custom":{"minecraft:interact_with_furnace":47,"minecraft:mob_kills":4,"minecraft:traded_with_villager":3,"minecraft:interact_with_crafting_table":24,"minecraft:open_barrel":1,"minecraft:leave_game":1,"minecraft:time_since_death":85321,"minecraft:sleep_in_bed":5,"minecraft:climb_one_cm":169,"minecraft:time_since_rest":17320,"minecraft:sprint_one_cm":349219,"minecraft:damage_taken":371,"minecraft:walk_one_cm":141034,"minecraft:damage_blocked_by_shield":20,"minecraft:drop":4,"minecraft:damage_dealt":704,"minecraft:swim_one_cm":67407,"minecraft:talked_to_villager":17,"minecraft:fly_one_cm":283583,"minecraft:open_chest":45,"minecraft:crouch_one_cm":9109,"minecraft:play_time":97084,"minecraft:deaths":1,"minecraft:sneak_time":4420,"minecraft:walk_under_water_one_cm":15585,"minecraft:boat_one_cm":43158,"minecraft:jump":1303,"minecraft:walk_on_water_one_cm":18761,"minecraft:total_world_time":97084,"minecraft:fall_one_cm":27490},"minecraft:killed":{"minecraft:cow":4},"minecraft:killed_by":{"minecraft:player":1},"minecraft:crafted":{"minecraft:cooked_beef":4,"minecraft:oak_planks":36,"minecraft:oak_sign":3,"minecraft:crafting_table":2,"minecraft:spruce_planks":56,"minecraft:baked_potato":9,"minecraft:dried_kelp":85,"minecraft:wooden_pickaxe":1,"minecraft:furnace":1,"minecraft:copper_ingot":21,"spartanshields:copper_basic_shield":1,"minecraft:stone_axe":1,"minecraft:bookshelf":2,"minecraft:air":0,"minecraft:flint_and_steel":1,"minecraft:oak_boat":1,"minecraft:stick":32,"minecraft:iron_ingot":16,"minecraft:leather_chestplate":1,"minecraft:stone_pickaxe":4,"spartanshields:wooden_basic_shield":1,"minecraft:dried_kelp_block":9,"minecraft:torch":52,"minecraft:stone_hoe":1,"minecraft:golden_boots":1},"minecraft:used":{"minecraft:stone_pickaxe":360,"minecraft:dried_kelp":1,"minecraft:baked_potato":1,"minecraft:oak_sign":1,"minecraft:wooden_pickaxe":32,"minecraft:stone_hoe":2,"minecraft:torch":25,"minecraft:crafting_table":3,"minecraft:spruce_log":6,"minecraft:stone_brick_slab":1,"minecraft:bread":11,"aquaculture:gar":1,"minecraft:stone_axe":26,"minecraft:cobblestone":57,"spartanshields:copper_basic_shield":1,"minecraft:furnace":2,"minecraft:andesite":2,"minecraft:pumpkin_pie":1,"minecraft:oak_boat":1,"alexsmobs:animal_dictionary":1,"minecraft:cooked_beef":1},"minecraft:dropped":{"farmersdelight:cabbage_seeds":4,"minecraft:oak_sign":2,"minecraft:leather_chestplate":1},"minecraft:mined":{"minecraft:stone_brick_slab":1,"minecraft:crafting_table":1,"minecraft:grass_block":1,"minecraft:copper_ore":17,"minecraft:cobblestone":2,"minecraft:spruce_leaves":1,"minecraft:diorite":1,"minecraft:wall_torch":1,"minecraft:furnace":1,"minecraft:iron_ore":14,"minecraft:spruce_log":20,"minecraft:andesite":4,"minecraft:coal_ore":196,"minecraft:oak_log":9,"minecraft:gravel":2,"minecraft:dirt":6,"minecraft:stone":147,"minecraft:oak_leaves":3},"minecraft:picked_up":{"minecraft:crafting_table":1,"minecraft:andesite":4,"minecraft:leather":2,"minecraft:oak_log":9,"minecraft:dirt":6,"minecraft:raw_copper":60,"minecraft:kelp":87,"minecraft:beef":7,"minecraft:oak_boat":1,"minecraft:birch_sapling":1,"farmersdelight:cabbage_seeds":4,"minecraft:furnace":1,"minecraft:raw_iron":14,"aquaculture:gar":1,"minecraft:stone_brick_slab":1,"minecraft:torch":1,"minecraft:gravel":2,"minecraft:dried_kelp":1,"minecraft:diorite":1,"minecraft:spruce_log":20,"minecraft:coal":180,"minecraft:cobblestone":147},"minecraft:broken":{"minecraft:stone_pickaxe":2}},"DataVersion":3465}