{"stats":{"minecraft:custom":{"minecraft:time_since_rest":8513,"minecraft:open_chest":1,"minecraft:play_time":8513,"minecraft:sprint_one_cm":22756,"minecraft:damage_taken":20,"minecraft:walk_one_cm":12666,"minecraft:sneak_time":30,"minecraft:walk_under_water_one_cm":3782,"minecraft:jump":65,"minecraft:time_since_death":8513,"minecraft:walk_on_water_one_cm":3502,"minecraft:total_world_time":8513,"minecraft:swim_one_cm":35176,"minecraft:interact_with_crafting_table":1,"minecraft:fall_one_cm":693,"minecraft:fly_one_cm":9966},"minecraft:crafted":{"minecraft:oak_boat":1,"minecraft:oak_planks":16,"minecraft:crafting_table":1},"minecraft:used":{"minecraft:crafting_table":1,"alexsmobs:animal_dictionary":1},"minecraft:mined":{"minecraft:oak_log":6,"minecraft:oak_leaves":3},"minecraft:picked_up":{"aquaculture:gar":1,"minecraft:kelp":84,"minecraft:oak_log":6}},"DataVersion":3465}