{"stats":{"minecraft:custom":{"minecraft:time_since_rest":851,"minecraft:interact_with_furnace":7,"minecraft:sprint_one_cm":42473,"minecraft:damage_taken":252,"minecraft:walk_one_cm":36211,"minecraft:damage_dealt":173,"minecraft:interact_with_crafting_table":8,"minecraft:swim_one_cm":35176,"minecraft:fly_one_cm":31077,"minecraft:open_chest":2,"minecraft:play_time":20513,"minecraft:deaths":1,"minecraft:sneak_time":30,"minecraft:walk_under_water_one_cm":3782,"minecraft:boat_one_cm":43158,"minecraft:jump":186,"minecraft:walk_on_water_one_cm":3697,"minecraft:time_since_death":8750,"minecraft:sleep_in_bed":1,"minecraft:total_world_time":20513,"minecraft:fall_one_cm":3528},"minecraft:killed_by":{"minecraft:player":1},"minecraft:crafted":{"minecraft:oak_boat":1,"minecraft:oak_planks":36,"minecraft:crafting_table":2,"minecraft:stick":8,"minecraft:dried_kelp":8,"minecraft:wooden_pickaxe":1,"minecraft:stone_pickaxe":1,"minecraft:furnace":1,"minecraft:stone_axe":1,"minecraft:air":0},"minecraft:used":{"minecraft:stone_pickaxe":1,"minecraft:dried_kelp":1,"minecraft:wooden_pickaxe":32,"aquaculture:gar":1,"minecraft:stone_axe":1,"minecraft:crafting_table":2,"minecraft:furnace":1,"minecraft:pumpkin_pie":1,"minecraft:oak_boat":1,"alexsmobs:animal_dictionary":1},"minecraft:mined":{"minecraft:furnace":1,"minecraft:crafting_table":1,"minecraft:oak_log":9,"minecraft:stone":32,"minecraft:oak_leaves":3},"minecraft:picked_up":{"minecraft:crafting_table":1,"aquaculture:gar":1,"minecraft:dried_kelp":1,"minecraft:oak_log":9,"minecraft:kelp":87,"minecraft:oak_boat":1,"minecraft:birch_sapling":1,"minecraft:cobblestone":32,"minecraft:furnace":1}},"DataVersion":3465}