{"stats":{"minecraft:dropped":{"farmersdelight:cabbage_seeds":4,"minecraft:oak_sign":2,"minecraft:leather_chestplate":1},"minecraft:mined":{"minecraft:stone_brick_slab":1,"minecraft:crafting_table":1,"minecraft:grass_block":1,"minecraft:copper_ore":21,"minecraft:cobblestone":2,"minecraft:lapis_ore":9,"minecraft:spruce_leaves":1,"minecraft:diorite":1,"minecraft:wall_torch":2,"regions_unexplored:hyssop":1,"minecraft:furnace":1,"minecraft:iron_ore":61,"minecraft:spruce_log":20,"minecraft:andesite":4,"minecraft:pumpkin":12,"minecraft:deepslate_lapis_ore":2,"minecraft:grass":1,"minecraft:oak_log":9,"minecraft:coal_ore":269,"minecraft:gravel":2,"minecraft:dirt":6,"minecraft:stone":176,"minecraft:oak_leaves":3},"minecraft:killed":{"minecraft:spider":2,"minecraft:skeleton":5,"alexsmobs:cockroach":1,"minecraft:cow":5},"minecraft:custom":{"minecraft:interact_with_furnace":51,"minecraft:mob_kills":13,"minecraft:traded_with_villager":3,"minecraft:interact_with_crafting_table":24,"minecraft:open_barrel":1,"minecraft:leave_game":1,"minecraft:time_since_death":110002,"minecraft:sleep_in_bed":6,"minecraft:climb_one_cm":217,"minecraft:time_since_rest":8624,"minecraft:sprint_one_cm":423537,"minecraft:damage_taken":703,"minecraft:walk_one_cm":229134,"minecraft:damage_blocked_by_shield":165,"minecraft:drop":4,"minecraft:damage_dealt":1844,"minecraft:swim_one_cm":68349,"minecraft:talked_to_villager":18,"minecraft:fly_one_cm":355099,"minecraft:open_chest":48,"minecraft:crouch_one_cm":13527,"minecraft:play_time":121765,"minecraft:deaths":1,"minecraft:sneak_time":6611,"minecraft:walk_under_water_one_cm":16121,"minecraft:boat_one_cm":43158,"minecraft:jump":1785,"minecraft:walk_on_water_one_cm":19011,"minecraft:total_world_time":121765,"minecraft:fall_one_cm":38160},"minecraft:broken":{"minecraft:stone_pickaxe":4},"minecraft:killed_by":{"minecraft:player":1},"minecraft:picked_up":{"minecraft:crafting_table":1,"minecraft:andesite":4,"minecraft:leather":3,"minecraft:oak_log":9,"minecraft:lapis_lazuli":69,"minecraft:string":1,"minecraft:dirt":6,"minecraft:raw_copper":74,"minecraft:bone":2,"minecraft:kelp":87,"alexsmobs:cockroach_wing_fragment":1,"minecraft:beef":10,"minecraft:oak_boat":1,"minecraft:birch_sapling":1,"farmersdelight:cabbage_seeds":4,"minecraft:furnace":1,"minecraft:raw_iron":61,"aquaculture:gar":1,"minecraft:pumpkin":12,"minecraft:stone_brick_slab":1,"minecraft:torch":2,"minecraft:gravel":2,"minecraft:dried_kelp":1,"minecraft:diorite":1,"minecraft:spruce_log":20,"regions_unexplored:hyssop":1,"minecraft:arrow":2,"minecraft:emerald":23,"minecraft:coal":254,"minecraft:cobblestone":182},"minecraft:used":{"minecraft:stone_pickaxe":524,"minecraft:dried_kelp":1,"minecraft:baked_potato":6,"minecraft:oak_sign":1,"minecraft:wooden_pickaxe":32,"minecraft:stone_hoe":2,"minecraft:torch":59,"minecraft:crafting_table":3,"minecraft:spruce_log":6,"minecraft:stone_brick_slab":1,"minecraft:bread":17,"aquaculture:gar":1,"minecraft:stone_axe":56,"minecraft:cobblestone":64,"spartanshields:copper_basic_shield":6,"minecraft:furnace":2,"minecraft:andesite":2,"alexsmobs:animal_dictionary":1,"minecraft:pumpkin_pie":1,"minecraft:oak_boat":1,"minecraft:cooked_beef":1},"minecraft:crafted":{"minecraft:cooked_beef":4,"minecraft:oak_planks":36,"minecraft:oak_sign":3,"minecraft:crafting_table":2,"minecraft:spruce_planks":56,"minecraft:dried_kelp":85,"minecraft:wooden_pickaxe":1,"minecraft:baked_potato":9,"minecraft:furnace":1,"minecraft:copper_ingot":21,"spartanshields:copper_basic_shield":1,"minecraft:stone_axe":1,"minecraft:bookshelf":2,"minecraft:air":0,"minecraft:flint_and_steel":1,"minecraft:oak_boat":1,"minecraft:stick":32,"minecraft:leather_chestplate":1,"minecraft:iron_ingot":16,"minecraft:stone_pickaxe":4,"spartanshields:wooden_basic_shield":1,"minecraft:dried_kelp_block":9,"minecraft:torch":64,"minecraft:stone_hoe":1,"minecraft:golden_boots":1}},"DataVersion":3465}