{"stats":{"minecraft:mined":{"minecraft:stone_brick_slab":1,"minecraft:crafting_table":1,"minecraft:grass_block":1,"minecraft:tall_grass":1,"minecraft:copper_ore":21,"minecraft:cobblestone":2,"minecraft:spruce_leaves":1,"minecraft:lapis_ore":9,"minecraft:diorite":1,"minecraft:wall_torch":2,"regions_unexplored:hyssop":1,"minecraft:furnace":1,"minecraft:iron_ore":61,"minecraft:spruce_log":21,"minecraft:andesite":4,"minecraft:pumpkin":12,"minecraft:deepslate_lapis_ore":2,"minecraft:grass":1,"minecraft:oak_log":9,"minecraft:coal_ore":269,"minecraft:gravel":2,"minecraft:dirt":6,"minecraft:stone":176,"minecraft:oak_leaves":3},"minecraft:killed":{"minecraft:spider":2,"minecraft:horse":1,"minecraft:skeleton":5,"minecraft:zombie":1,"alexsmobs:cockroach":1,"alexsmobs:bison":1,"minecraft:cow":5},"minecraft:used":{"minecraft:stone_pickaxe":524,"minecraft:dried_kelp":1,"minecraft:baked_potato":8,"minecraft:oak_sign":1,"minecraft:wooden_pickaxe":32,"minecraft:stone_hoe":2,"minecraft:torch":60,"minecraft:crafting_table":3,"minecraft:spruce_log":6,"minecraft:stone_brick_slab":1,"minecraft:bread":21,"aquaculture:gar":1,"minecraft:stone_axe":65,"minecraft:cobblestone":66,"spartanshields:copper_basic_shield":15,"minecraft:furnace":2,"minecraft:andesite":2,"alexsmobs:animal_dictionary":1,"minecraft:pumpkin_pie":1,"minecraft:oak_boat":1,"minecraft:cooked_beef":1},"minecraft:killed_by":{"minecraft:player":1},"minecraft:crafted":{"minecraft:cooked_beef":4,"minecraft:oak_planks":36,"minecraft:oak_sign":3,"minecraft:crafting_table":2,"minecraft:spruce_planks":56,"minecraft:dried_kelp":85,"minecraft:wooden_pickaxe":1,"minecraft:baked_potato":9,"minecraft:furnace":1,"minecraft:copper_ingot":21,"spartanshields:copper_basic_shield":1,"minecraft:stone_axe":1,"minecraft:bookshelf":2,"minecraft:air":0,"minecraft:flint_and_steel":1,"minecraft:oak_boat":1,"minecraft:stick":32,"minecraft:leather_chestplate":1,"minecraft:iron_ingot":16,"minecraft:stone_pickaxe":4,"spartanshields:wooden_basic_shield":1,"minecraft:dried_kelp_block":9,"minecraft:torch":64,"minecraft:stone_hoe":1,"minecraft:golden_boots":1},"minecraft:broken":{"minecraft:stone_pickaxe":4},"minecraft:dropped":{"farmersdelight:cabbage_seeds":4,"regions_unexplored:hyssop":1,"minecraft:oak_sign":2,"minecraft:leather_chestplate":1},"minecraft:custom":{"minecraft:interact_with_furnace":51,"minecraft:mob_kills":16,"minecraft:traded_with_villager":3,"minecraft:interact_with_crafting_table":24,"minecraft:open_barrel":1,"minecraft:leave_game":1,"minecraft:time_since_death":118694,"minecraft:sleep_in_bed":6,"minecraft:climb_one_cm":1149,"minecraft:time_since_rest":17316,"minecraft:sprint_one_cm":476235,"minecraft:damage_taken":982,"minecraft:walk_one_cm":256489,"minecraft:damage_blocked_by_shield":565,"minecraft:drop":5,"minecraft:damage_dealt":2714,"minecraft:swim_one_cm":72793,"minecraft:talked_to_villager":23,"minecraft:fly_one_cm":428187,"minecraft:open_chest":49,"minecraft:play_time":130457,"minecraft:crouch_one_cm":13715,"minecraft:deaths":1,"minecraft:sneak_time":6701,"minecraft:walk_under_water_one_cm":16555,"minecraft:boat_one_cm":43158,"minecraft:jump":2076,"minecraft:walk_on_water_one_cm":20304,"minecraft:total_world_time":130457,"minecraft:fall_one_cm":46689},"minecraft:picked_up":{"minecraft:crafting_table":1,"minecraft:andesite":4,"minecraft:leather":3,"alexsmobs:bison_fur":2,"minecraft:oak_log":9,"minecraft:dirt":6,"minecraft:lapis_lazuli":69,"minecraft:string":1,"minecraft:raw_copper":74,"minecraft:bone":2,"minecraft:apple":3,"minecraft:kelp":87,"alexsmobs:cockroach_wing_fragment":1,"minecraft:beef":10,"minecraft:oak_boat":1,"minecraft:birch_sapling":1,"farmersdelight:cabbage_seeds":4,"minecraft:furnace":1,"minecraft:raw_iron":61,"aquaculture:gar":1,"minecraft:pumpkin":12,"minecraft:stone_brick_slab":1,"minecraft:torch":2,"minecraft:gravel":2,"minecraft:dried_kelp":1,"minecraft:diorite":1,"minecraft:spruce_log":20,"regions_unexplored:hyssop":1,"minecraft:arrow":2,"minecraft:rotten_flesh":1,"alexsdelight:raw_bison":5,"minecraft:emerald":23,"minecraft:coal":254,"minecraft:cobblestone":182}},"DataVersion":3465}