{"stats":{"minecraft:mined":{"minecraft:stone_brick_slab":1,"minecraft:carved_pumpkin":1,"minecraft:crafting_table":1,"minecraft:granite":1,"minecraft:calcite":1,"minecraft:grass_block":1,"minecraft:tall_grass":1,"minecraft:copper_ore":52,"minecraft:cobblestone":2,"minecraft:spruce_leaves":3,"minecraft:lapis_ore":17,"minecraft:diorite":3,"minecraft:wall_torch":2,"minecraft:amethyst_block":1,"regions_unexplored:hyssop":1,"minecraft:furnace":1,"minecraft:iron_ore":92,"minecraft:spruce_log":27,"minecraft:andesite":22,"minecraft:pumpkin":13,"minecraft:deepslate_lapis_ore":2,"minecraft:grass":2,"minecraft:oak_log":11,"minecraft:coal_ore":355,"minecraft:gravel":2,"minecraft:dirt":6,"minecraft:smooth_basalt":1,"regions_unexplored:medium_grass":1,"minecraft:stone":382,"minecraft:oak_leaves":4},"minecraft:killed":{"minecraft:spider":2,"minecraft:creeper":1,"minecraft:horse":1,"minecraft:skeleton":5,"minecraft:zombie":3,"alexsmobs:cockroach":1,"quark:crab":1,"alexsmobs:bison":1,"minecraft:cow":5},"minecraft:used":{"minecraft:diorite":2,"minecraft:carved_pumpkin":1,"minecraft:stone_pickaxe":910,"minecraft:dried_kelp":1,"minecraft:baked_potato":9,"minecraft:oak_sign":1,"minecraft:copper_block":4,"minecraft:wooden_pickaxe":32,"minecraft:stone_hoe":2,"minecraft:torch":85,"minecraft:crafting_table":3,"minecraft:shears":1,"minecraft:spruce_log":6,"minecraft:stone_brick_slab":1,"minecraft:bread":28,"aquaculture:gar":1,"minecraft:stone_axe":87,"minecraft:cobblestone":138,"spartanshields:copper_basic_shield":15,"minecraft:furnace":2,"minecraft:andesite":15,"alexsmobs:animal_dictionary":1,"minecraft:pumpkin_pie":1,"minecraft:oak_boat":1,"minecraft:cooked_beef":1,"minecraft:pumpkin":2,"alexsdelight:cooked_bison":1},"minecraft:killed_by":{"minecraft:player":1},"minecraft:crafted":{"minecraft:cooked_beef":10,"minecraft:oak_planks":44,"minecraft:oak_sign":3,"minecraft:crafting_table":2,"minecraft:spruce_planks":80,"minecraft:dried_kelp":85,"minecraft:wooden_pickaxe":1,"minecraft:baked_potato":9,"minecraft:furnace":1,"minecraft:copper_ingot":100,"spartanshields:copper_basic_shield":1,"minecraft:stone_axe":3,"minecraft:bookshelf":2,"minecraft:air":0,"minecraft:flint_and_steel":1,"minecraft:oak_boat":1,"alexsdelight:cooked_bison":5,"minecraft:stick":72,"minecraft:leather_chestplate":1,"minecraft:iron_ingot":76,"minecraft:stone_pickaxe":9,"spartanshields:wooden_basic_shield":1,"minecraft:copper_block":4,"quark:cooked_crab_leg":1,"minecraft:dried_kelp_block":9,"minecraft:torch":168,"minecraft:stone_hoe":1,"minecraft:golden_boots":1},"minecraft:broken":{"minecraft:stone_pickaxe":6},"minecraft:dropped":{"farmersdelight:cabbage_seeds":4,"minecraft:rotten_flesh":1,"regions_unexplored:hyssop":1,"minecraft:oak_sign":2,"minecraft:pumpkin_seeds":4,"minecraft:leather_chestplate":1,"minecraft:andesite":5},"minecraft:custom":{"minecraft:interact_with_furnace":68,"minecraft:mob_kills":20,"minecraft:traded_with_villager":3,"minecraft:interact_with_crafting_table":27,"minecraft:open_barrel":1,"minecraft:leave_game":1,"minecraft:time_since_death":160694,"minecraft:sleep_in_bed":8,"minecraft:climb_one_cm":1250,"minecraft:time_since_rest":13491,"minecraft:sprint_one_cm":550986,"minecraft:damage_taken":1308,"minecraft:walk_one_cm":386812,"minecraft:damage_blocked_by_shield":565,"minecraft:drop":8,"minecraft:damage_dealt":3514,"minecraft:swim_one_cm":118369,"minecraft:talked_to_villager":23,"minecraft:fly_one_cm":524381,"minecraft:open_chest":64,"minecraft:play_time":172457,"minecraft:crouch_one_cm":26266,"minecraft:deaths":1,"minecraft:sneak_time":12422,"minecraft:walk_under_water_one_cm":27943,"minecraft:boat_one_cm":43158,"minecraft:jump":2708,"minecraft:walk_on_water_one_cm":26875,"minecraft:total_world_time":172457,"minecraft:fall_one_cm":61250},"minecraft:picked_up":{"quark:crab_leg":1,"minecraft:crafting_table":1,"minecraft:andesite":22,"minecraft:leather":3,"alexsmobs:bison_fur":2,"minecraft:oak_log":11,"minecraft:gunpowder":2,"minecraft:dirt":6,"minecraft:lapis_lazuli":120,"minecraft:string":1,"minecraft:raw_copper":189,"minecraft:bone":2,"minecraft:apple":3,"minecraft:kelp":87,"alexsmobs:cockroach_wing_fragment":1,"minecraft:beef":10,"minecraft:oak_boat":1,"minecraft:birch_sapling":1,"farmersdelight:cabbage_seeds":4,"minecraft:furnace":1,"minecraft:raw_iron":92,"aquaculture:gar":1,"minecraft:pumpkin":13,"minecraft:stone_brick_slab":1,"minecraft:torch":2,"minecraft:gravel":2,"minecraft:dried_kelp":1,"minecraft:diorite":3,"minecraft:spruce_log":26,"minecraft:pumpkin_seeds":4,"regions_unexplored:hyssop":1,"minecraft:arrow":2,"minecraft:rotten_flesh":3,"minecraft:granite":1,"minecraft:carved_pumpkin":1,"alexsdelight:raw_bison":5,"minecraft:emerald":23,"minecraft:coal":340,"minecraft:cobblestone":373}},"DataVersion":3465}