{"stats":{"minecraft:custom":{"minecraft:time_since_rest":12905,"minecraft:interact_with_furnace":13,"minecraft:sprint_one_cm":226279,"minecraft:damage_taken":302,"minecraft:walk_one_cm":93116,"minecraft:mob_kills":2,"minecraft:drop":2,"minecraft:damage_dealt":373,"minecraft:traded_with_villager":3,"minecraft:talked_to_villager":15,"minecraft:interact_with_crafting_table":13,"minecraft:swim_one_cm":53394,"minecraft:fly_one_cm":177134,"minecraft:open_chest":22,"minecraft:crouch_one_cm":4813,"minecraft:play_time":62513,"minecraft:deaths":1,"minecraft:sneak_time":2710,"minecraft:walk_under_water_one_cm":12392,"minecraft:boat_one_cm":43158,"minecraft:jump":797,"minecraft:walk_on_water_one_cm":13737,"minecraft:time_since_death":50750,"minecraft:sleep_in_bed":3,"minecraft:total_world_time":62513,"minecraft:fall_one_cm":15772},"minecraft:killed":{"minecraft:cow":2},"minecraft:killed_by":{"minecraft:player":1},"minecraft:crafted":{"minecraft:cooked_beef":2,"minecraft:oak_boat":1,"minecraft:oak_planks":36,"minecraft:oak_sign":3,"minecraft:crafting_table":2,"minecraft:stick":16,"minecraft:leather_chestplate":1,"minecraft:dried_kelp":8,"minecraft:wooden_pickaxe":1,"minecraft:stone_pickaxe":2,"minecraft:furnace":1,"minecraft:torch":20,"minecraft:stone_axe":1,"minecraft:bookshelf":2,"minecraft:air":0},"minecraft:used":{"minecraft:bread":5,"minecraft:stone_pickaxe":252,"minecraft:dried_kelp":1,"minecraft:oak_sign":1,"minecraft:wooden_pickaxe":32,"aquaculture:gar":1,"minecraft:stone_axe":3,"minecraft:torch":18,"minecraft:cobblestone":25,"minecraft:crafting_table":3,"minecraft:furnace":1,"minecraft:pumpkin_pie":1,"minecraft:oak_boat":1,"alexsmobs:animal_dictionary":1,"minecraft:cooked_beef":1},"minecraft:dropped":{"minecraft:oak_sign":2},"minecraft:mined":{"minecraft:furnace":1,"minecraft:iron_ore":9,"minecraft:crafting_table":1,"minecraft:grass_block":1,"minecraft:coal_ore":117,"minecraft:oak_log":9,"minecraft:gravel":2,"minecraft:dirt":6,"minecraft:copper_ore":6,"minecraft:cobblestone":1,"minecraft:stone":141,"minecraft:wall_torch":1,"minecraft:oak_leaves":3},"minecraft:picked_up":{"minecraft:raw_iron":9,"minecraft:crafting_table":1,"aquaculture:gar":1,"minecraft:leather":1,"minecraft:torch":1,"minecraft:gravel":2,"minecraft:dried_kelp":1,"minecraft:oak_log":9,"minecraft:dirt":6,"minecraft:raw_copper":21,"minecraft:kelp":87,"minecraft:beef":2,"minecraft:oak_boat":1,"minecraft:birch_sapling":1,"minecraft:coal":102,"minecraft:cobblestone":140,"minecraft:furnace":1},"minecraft:broken":{"minecraft:stone_pickaxe":1}},"DataVersion":3465}