{"stats":{"minecraft:custom":{"minecraft:interact_with_furnace":42,"minecraft:mob_kills":3,"minecraft:traded_with_villager":3,"minecraft:interact_with_crafting_table":23,"minecraft:open_barrel":1,"minecraft:leave_game":1,"minecraft:time_since_death":73321,"minecraft:sleep_in_bed":5,"minecraft:climb_one_cm":169,"minecraft:time_since_rest":5320,"minecraft:sprint_one_cm":288279,"minecraft:damage_taken":302,"minecraft:walk_one_cm":121633,"minecraft:drop":3,"minecraft:damage_dealt":473,"minecraft:swim_one_cm":54546,"minecraft:talked_to_villager":17,"minecraft:fly_one_cm":230889,"minecraft:open_chest":43,"minecraft:crouch_one_cm":5133,"minecraft:play_time":85084,"minecraft:deaths":1,"minecraft:sneak_time":2820,"minecraft:walk_under_water_one_cm":12842,"minecraft:boat_one_cm":43158,"minecraft:jump":1056,"minecraft:walk_on_water_one_cm":14167,"minecraft:total_world_time":85084,"minecraft:fall_one_cm":21922},"minecraft:killed":{"minecraft:cow":3},"minecraft:killed_by":{"minecraft:player":1},"minecraft:crafted":{"minecraft:cooked_beef":4,"minecraft:oak_planks":36,"minecraft:oak_sign":3,"minecraft:crafting_table":2,"minecraft:spruce_planks":56,"minecraft:dried_kelp":85,"minecraft:wooden_pickaxe":1,"minecraft:furnace":1,"minecraft:copper_ingot":21,"spartanshields:copper_basic_shield":1,"minecraft:stone_axe":1,"minecraft:bookshelf":2,"minecraft:air":0,"minecraft:flint_and_steel":1,"minecraft:oak_boat":1,"minecraft:stick":28,"minecraft:iron_ingot":10,"minecraft:leather_chestplate":1,"minecraft:stone_pickaxe":3,"spartanshields:wooden_basic_shield":1,"minecraft:dried_kelp_block":9,"minecraft:torch":52,"minecraft:stone_hoe":1,"minecraft:golden_boots":1},"minecraft:used":{"minecraft:stone_pickaxe":263,"minecraft:dried_kelp":1,"minecraft:oak_sign":1,"minecraft:wooden_pickaxe":32,"minecraft:stone_hoe":2,"minecraft:torch":18,"minecraft:crafting_table":3,"minecraft:spruce_log":6,"minecraft:bread":9,"aquaculture:gar":1,"minecraft:stone_axe":24,"minecraft:cobblestone":34,"minecraft:furnace":2,"minecraft:andesite":2,"minecraft:pumpkin_pie":1,"minecraft:oak_boat":1,"alexsmobs:animal_dictionary":1,"minecraft:cooked_beef":1},"minecraft:dropped":{"farmersdelight:cabbage_seeds":4,"minecraft:oak_sign":2},"minecraft:mined":{"minecraft:stone_brick_slab":1,"minecraft:crafting_table":1,"minecraft:grass_block":1,"minecraft:copper_ore":6,"minecraft:cobblestone":1,"minecraft:wall_torch":1,"minecraft:furnace":1,"minecraft:iron_ore":9,"minecraft:spruce_log":20,"minecraft:andesite":2,"minecraft:coal_ore":125,"minecraft:oak_log":9,"minecraft:gravel":2,"minecraft:dirt":6,"minecraft:stone":141,"minecraft:oak_leaves":3},"minecraft:picked_up":{"minecraft:crafting_table":1,"minecraft:andesite":2,"minecraft:leather":1,"minecraft:oak_log":9,"minecraft:dirt":6,"minecraft:raw_copper":21,"minecraft:kelp":87,"minecraft:beef":4,"minecraft:oak_boat":1,"minecraft:birch_sapling":1,"farmersdelight:cabbage_seeds":4,"minecraft:furnace":1,"minecraft:raw_iron":9,"aquaculture:gar":1,"minecraft:stone_brick_slab":1,"minecraft:torch":1,"minecraft:gravel":2,"minecraft:dried_kelp":1,"minecraft:spruce_log":20,"minecraft:coal":110,"minecraft:cobblestone":140},"minecraft:broken":{"minecraft:stone_pickaxe":2}},"DataVersion":3465}