{"stats":{"minecraft:custom":{"minecraft:time_since_rest":5059,"minecraft:interact_with_furnace":13,"minecraft:sprint_one_cm":93371,"minecraft:damage_taken":252,"minecraft:walk_one_cm":71798,"minecraft:mob_kills":2,"minecraft:damage_dealt":373,"minecraft:traded_with_villager":1,"minecraft:talked_to_villager":13,"minecraft:interact_with_crafting_table":12,"minecraft:swim_one_cm":43009,"minecraft:fly_one_cm":77357,"minecraft:open_chest":5,"minecraft:crouch_one_cm":574,"minecraft:play_time":38513,"minecraft:deaths":1,"minecraft:sneak_time":484,"minecraft:walk_under_water_one_cm":5905,"minecraft:boat_one_cm":43158,"minecraft:jump":420,"minecraft:walk_on_water_one_cm":10017,"minecraft:time_since_death":26750,"minecraft:sleep_in_bed":2,"minecraft:total_world_time":38513,"minecraft:fall_one_cm":8660},"minecraft:killed":{"minecraft:cow":2},"minecraft:killed_by":{"minecraft:player":1},"minecraft:crafted":{"minecraft:cooked_beef":2,"minecraft:oak_boat":1,"minecraft:oak_planks":36,"minecraft:oak_sign":3,"minecraft:crafting_table":2,"minecraft:stick":8,"minecraft:leather_chestplate":1,"minecraft:dried_kelp":8,"minecraft:wooden_pickaxe":1,"minecraft:stone_pickaxe":1,"minecraft:furnace":1,"minecraft:torch":4,"minecraft:stone_axe":1,"minecraft:air":0},"minecraft:used":{"minecraft:bread":1,"minecraft:stone_pickaxe":88,"minecraft:dried_kelp":1,"minecraft:oak_sign":1,"minecraft:wooden_pickaxe":32,"aquaculture:gar":1,"minecraft:stone_axe":3,"minecraft:torch":3,"minecraft:cobblestone":21,"minecraft:crafting_table":2,"minecraft:furnace":1,"minecraft:pumpkin_pie":1,"minecraft:oak_boat":1,"alexsmobs:animal_dictionary":1,"minecraft:cooked_beef":1},"minecraft:mined":{"minecraft:furnace":1,"minecraft:crafting_table":1,"minecraft:coal_ore":30,"minecraft:oak_log":9,"minecraft:dirt":1,"minecraft:cobblestone":1,"minecraft:stone":87,"minecraft:oak_leaves":3},"minecraft:picked_up":{"minecraft:crafting_table":1,"aquaculture:gar":1,"minecraft:leather":1,"minecraft:dried_kelp":1,"minecraft:oak_log":9,"minecraft:dirt":1,"minecraft:kelp":87,"minecraft:beef":2,"minecraft:oak_boat":1,"minecraft:birch_sapling":1,"minecraft:coal":30,"minecraft:cobblestone":82,"minecraft:furnace":1}},"DataVersion":3465}