{"stats":{"minecraft:custom":{"minecraft:time_since_rest":1363,"minecraft:crouch_one_cm":46,"minecraft:sprint_one_cm":3556,"minecraft:play_time":2856,"minecraft:walk_one_cm":10479,"minecraft:damage_taken":330,"minecraft:deaths":1,"minecraft:sneak_time":20,"minecraft:mob_kills":1,"minecraft:jump":23,"minecraft:damage_dealt":163,"minecraft:leave_game":2,"minecraft:time_since_death":1328,"minecraft:total_world_time":2856,"minecraft:fall_one_cm":1050,"minecraft:fly_one_cm":2499},"minecraft:killed":{"minecraft:zombie":1},"minecraft:killed_by":{"minecraft:zombie":1},"minecraft:picked_up":{"minecraft:rotten_flesh":1,"minecraft:wheat_seeds":2,"minecraft:dirt":3},"minecraft:mined":{"minecraft:grass":3,"minecraft:grass_block":3,"minecraft:tall_grass":5,"minecraft:oak_leaves":2}},"DataVersion":3465}