{"stats":{"minecraft:custom":{"minecraft:time_since_rest":851,"minecraft:interact_with_furnace":5,"minecraft:sprint_one_cm":36800,"minecraft:damage_taken":786,"minecraft:walk_one_cm":55284,"minecraft:mob_kills":1,"minecraft:drop":1,"minecraft:damage_dealt":282,"minecraft:swim_one_cm":2586,"minecraft:interact_with_crafting_table":4,"minecraft:fly_one_cm":26768,"minecraft:player_kills":1,"minecraft:open_chest":8,"minecraft:crouch_one_cm":81,"minecraft:play_time":15814,"minecraft:deaths":2,"minecraft:sneak_time":23,"minecraft:walk_under_water_one_cm":1040,"minecraft:boat_one_cm":43243,"minecraft:jump":150,"minecraft:leave_game":2,"minecraft:time_since_death":10941,"minecraft:walk_on_water_one_cm":399,"minecraft:sleep_in_bed":1,"minecraft:total_world_time":15814,"minecraft:fall_one_cm":3651},"minecraft:killed":{"minecraft:zombie":1},"minecraft:killed_by":{"minecraft:player":1,"minecraft:zombie":1},"minecraft:crafted":{"minecraft:spruce_sign":3,"minecraft:spruce_planks":8,"minecraft:dried_kelp":1,"minecraft:air":0},"minecraft:used":{"minecraft:bread":3,"minecraft:spruce_sign":1,"minecraft:rotten_flesh":1,"minecraft:dirt":5,"minecraft:spruce_log":4},"minecraft:dropped":{"minecraft:dried_kelp":1},"minecraft:mined":{"minecraft:spruce_log":4,"minecraft:grass":5,"minecraft:grass_block":8,"minecraft:tall_grass":5,"minecraft:oak_leaves":2},"minecraft:picked_up":{"minecraft:stick":2,"minecraft:spruce_log":4,"minecraft:dirt":9,"minecraft:rotten_flesh":2,"minecraft:wheat_seeds":3,"minecraft:oak_sapling":2,"minecraft:sugar_cane":3}},"DataVersion":3465}