{"stats":{"minecraft:custom":{"minecraft:jump":15,"minecraft:time_since_rest":1351,"minecraft:damage_dealt":54,"minecraft:leave_game":1,"minecraft:sprint_one_cm":3103,"minecraft:play_time":1351,"minecraft:damage_taken":175,"minecraft:time_since_death":1351,"minecraft:walk_one_cm":5429,"minecraft:total_world_time":1351,"minecraft:fly_one_cm":1774},"minecraft:mined":{"minecraft:grass":3,"minecraft:tall_grass":5,"minecraft:grass_block":3},"minecraft:picked_up":{"minecraft:wheat_seeds":2,"minecraft:dirt":3}},"DataVersion":3465}