{"stats":{"minecraft:custom":{"minecraft:interact_with_furnace":10,"minecraft:mob_kills":1,"minecraft:interact_with_crafting_table":10,"minecraft:open_barrel":6,"minecraft:bell_ring":1,"minecraft:leave_game":2,"minecraft:time_since_death":40941,"minecraft:sleep_in_bed":4,"minecraft:time_since_rest":905,"minecraft:sprint_one_cm":115480,"minecraft:damage_taken":836,"minecraft:walk_one_cm":185851,"minecraft:drop":4,"minecraft:damage_dealt":380,"minecraft:fly_one_cm":63665,"minecraft:swim_one_cm":2586,"minecraft:talked_to_villager":3,"minecraft:player_kills":1,"minecraft:open_chest":50,"minecraft:crouch_one_cm":5909,"minecraft:play_time":45814,"minecraft:deaths":2,"minecraft:sneak_time":1377,"minecraft:walk_under_water_one_cm":1604,"minecraft:boat_one_cm":43243,"minecraft:jump":356,"minecraft:walk_on_water_one_cm":648,"minecraft:total_world_time":45814,"minecraft:fall_one_cm":9395},"minecraft:killed":{"minecraft:zombie":1},"minecraft:killed_by":{"minecraft:player":1,"minecraft:zombie":1},"minecraft:crafted":{"minecraft:spruce_sign":3,"minecraft:spruce_planks":80,"minecraft:dried_kelp":1,"minecraft:wooden_pickaxe":1,"minecraft:stone_axe":1,"minecraft:air":0,"minecraft:stick":4,"minecraft:stone_pickaxe":1},"minecraft:used":{"minecraft:stone_pickaxe":94,"minecraft:spruce_planks":15,"minecraft:chest":4,"minecraft:wooden_pickaxe":12,"minecraft:spruce_sign":1,"minecraft:rotten_flesh":1,"minecraft:green_terracotta":1,"minecraft:dirt":5,"minecraft:crafting_table":1,"minecraft:spruce_log":4,"minecraft:bread":8,"minecraft:barrel":2,"minecraft:stone_axe":85},"minecraft:dropped":{"farmersdelight:iron_knife":1,"farmersdelight:flint_knife":2,"minecraft:dried_kelp":1},"minecraft:mined":{"regions_unexplored:spruce_shrub":1,"minecraft:deepslate_tiles":11,"minecraft:spruce_planks":5,"minecraft:scaffolding":1,"minecraft:red_bed":3,"minecraft:spruce_door":1,"minecraft:crafting_table":2,"minecraft:grass_block":10,"minecraft:chest":7,"minecraft:white_stained_glass_pane":9,"minecraft:deepslate_bricks":10,"minecraft:tall_grass":7,"minecraft:spruce_leaves":5,"minecraft:cracked_deepslate_bricks":5,"minecraft:spruce_stairs":3,"minecraft:barrel":2,"minecraft:spruce_log":46,"minecraft:green_terracotta":26,"minecraft:cracked_deepslate_tiles":5,"minecraft:grass":7,"minecraft:oak_log":3,"minecraft:lime_terracotta":28,"minecraft:dirt":1,"minecraft:deepslate_brick_stairs":1,"minecraft:stone":9,"minecraft:oak_leaves":28},"minecraft:picked_up":{"minecraft:cracked_deepslate_tiles":5,"minecraft:crafting_table":2,"minecraft:oak_log":3,"farmersdelight:flint_knife":1,"minecraft:dirt":12,"minecraft:red_bed":3,"minecraft:lantern":1,"regions_unexplored:spruce_shrub":2,"farmersdelight:iron_knife":1,"minecraft:deepslate_tiles":11,"minecraft:wheat_seeds":4,"minecraft:spruce_planks":5,"minecraft:sugar_cane":3,"minecraft:chest":7,"minecraft:scaffolding":1,"minecraft:stick":4,"minecraft:lime_terracotta":28,"minecraft:spruce_stairs":3,"minecraft:spruce_sapling":1,"minecraft:spruce_log":47,"minecraft:barrel":2,"minecraft:spruce_door":1,"minecraft:green_terracotta":26,"minecraft:rotten_flesh":2,"minecraft:deepslate_bricks":10,"minecraft:cracked_deepslate_bricks":5,"minecraft:oak_sapling":4,"minecraft:deepslate_brick_stairs":1,"minecraft:cobblestone":9}},"DataVersion":3465}