{"stats":{"minecraft:mined":{"minecraft:deepslate_tiles":11,"regions_unexplored:spruce_shrub":2,"minecraft:spruce_planks":23,"minecraft:scaffolding":6,"farmersdelight:onions":1,"regions_unexplored:blue_lupine":2,"minecraft:red_bed":3,"regions_unexplored:red_lupine":1,"minecraft:mossy_stone_brick_slab":1,"minecraft:deepslate_brick_wall":2,"minecraft:spruce_door":1,"minecraft:soul_lantern":1,"minecraft:crafting_table":2,"minecraft:spruce_trapdoor":2,"minecraft:grass_block":29,"minecraft:chest":7,"minecraft:white_stained_glass_pane":9,"farmersdelight:cabbages":4,"minecraft:deepslate_bricks":10,"minecraft:copper_ore":5,"minecraft:tall_grass":17,"minecraft:cobblestone":1,"minecraft:deepslate_tile_stairs":14,"minecraft:spruce_leaves":16,"minecraft:cracked_deepslate_bricks":6,"minecraft:spruce_stairs":51,"minecraft:light_blue_terracotta":4,"regions_unexplored:hyssop":1,"minecraft:furnace":1,"minecraft:barrel":3,"minecraft:spruce_log":85,"minecraft:green_terracotta":26,"minecraft:stripped_spruce_log":3,"minecraft:fletching_table":1,"minecraft:cracked_deepslate_tiles":5,"minecraft:grass":9,"minecraft:bookshelf":1,"minecraft:potatoes":1,"minecraft:oak_log":12,"minecraft:lime_terracotta":64,"minecraft:lantern":1,"quark:spruce_chest":1,"minecraft:dirt":1,"minecraft:deepslate_brick_stairs":1,"farmersdelight:rice_panicles":1,"regions_unexplored:medium_grass":4,"minecraft:stone":18,"minecraft:oak_leaves":50,"minecraft:spruce_slab":5,"minecraft:fern":3},"minecraft:killed":{"minecraft:pig":1,"aquaculture:bluegill":5,"aquaculture:gar":1,"minecraft:squid":1,"minecraft:zombie":1,"alexsmobs:crow":1},"minecraft:used":{"minecraft:stone_pickaxe":181,"minecraft:light_blue_terracotta":4,"minecraft:chest":4,"minecraft:spruce_planks":277,"minecraft:wooden_pickaxe":12,"minecraft:spruce_sign":1,"minecraft:rotten_flesh":1,"minecraft:green_terracotta":1,"minecraft:dirt":23,"minecraft:crafting_table":1,"minecraft:spruce_stairs":1,"minecraft:spruce_log":4,"magistuarmory:copper_lochaberaxe":1,"minecraft:lantern":1,"minecraft:bread":25,"minecraft:spruce_trapdoor":1,"minecraft:barrel":3,"minecraft:stone_axe":254,"minecraft:cobblestone":1,"minecraft:furnace":1,"minecraft:potato":1},"minecraft:killed_by":{"minecraft:player":1,"minecraft:zombie":1},"minecraft:broken":{"minecraft:stone_axe":2},"minecraft:crafted":{"minecraft:spruce_sign":3,"minecraft:spruce_planks":472,"minecraft:dried_kelp":1,"minecraft:wooden_pickaxe":1,"minecraft:copper_ingot":19,"minecraft:stone_axe":2,"farmersdelight:beef_patty":11,"minecraft:air":0,"magistuarmory:hilt":2,"minecraft:charcoal":55,"minecraft:stick":12,"minecraft:stone_pickaxe":2,"magistuarmory:pole":1,"magistuarmory:copper_lochaberaxe":1},"minecraft:custom":{"minecraft:interact_with_furnace":45,"minecraft:mob_kills":10,"minecraft:interact_with_crafting_table":24,"minecraft:open_barrel":15,"minecraft:bell_ring":3,"minecraft:leave_game":2,"minecraft:time_since_death":125393,"minecraft:sleep_in_bed":11,"minecraft:climb_one_cm":1756,"minecraft:time_since_rest":17195,"minecraft:sprint_one_cm":381015,"minecraft:damage_taken":1166,"minecraft:walk_one_cm":423172,"minecraft:drop":9,"minecraft:damage_dealt":849,"minecraft:swim_one_cm":13600,"minecraft:fly_one_cm":318374,"minecraft:talked_to_villager":5,"minecraft:player_kills":1,"minecraft:open_chest":148,"minecraft:crouch_one_cm":16952,"minecraft:play_time":130266,"minecraft:deaths":2,"minecraft:sneak_time":4391,"minecraft:walk_under_water_one_cm":9134,"minecraft:boat_one_cm":43243,"minecraft:jump":1446,"minecraft:walk_on_water_one_cm":3946,"minecraft:total_world_time":130266,"minecraft:fall_one_cm":41556},"minecraft:dropped":{"minecraft:gravel":2,"minecraft:bread":1,"farmersdelight:iron_knife":1,"minecraft:emerald":23,"minecraft:poppy":4,"farmersdelight:flint_knife":2,"minecraft:dried_kelp":1,"magistuarmory:copper_lochaberaxe":1},"minecraft:picked_up":{"minecraft:cracked_deepslate_tiles":5,"minecraft:crafting_table":2,"minecraft:feather":1,"farmersdelight:rice":4,"minecraft:water_bucket":1,"minecraft:wooden_pickaxe":1,"minecraft:potato":11,"minecraft:oak_log":15,"regions_unexplored:red_lupine":1,"minecraft:shield":1,"farmersdelight:flint_knife":3,"minecraft:dirt":34,"minecraft:red_bed":3,"minecraft:lantern":8,"minecraft:raw_copper":19,"regions_unexplored:spruce_shrub":4,"farmersdelight:iron_knife":2,"minecraft:deepslate_tiles":11,"minecraft:wheat_seeds":5,"quark:spruce_chest":1,"aquaculture:bluegill":5,"farmersdelight:cabbage":4,"minecraft:spruce_planks":26,"minecraft:fletching_table":1,"minecraft:spruce_slab":5,"minecraft:iron_sword":1,"minecraft:sugar_cane":3,"minecraft:chest":7,"minecraft:spruce_trapdoor":2,"farmersdelight:cabbage_seeds":25,"minecraft:furnace":1,"minecraft:book":3,"minecraft:scaffolding":7,"minecraft:stick":6,"minecraft:deepslate_brick_wall":2,"minecraft:lime_terracotta":64,"minecraft:spruce_stairs":43,"regions_unexplored:blue_lupine":2,"minecraft:porkchop":1,"minecraft:stripped_spruce_log":3,"minecraft:spruce_sapling":15,"minecraft:spruce_log":100,"minecraft:deepslate_tile_stairs":14,"minecraft:barrel":3,"minecraft:spruce_door":1,"minecraft:green_terracotta":26,"magistuarmory:copper_lochaberaxe":1,"minecraft:pumpkin_seeds":1,"minecraft:rotten_flesh":4,"minecraft:light_blue_terracotta":4,"farmersdelight:onion":4,"minecraft:soul_lantern":1,"magistuarmory:leather_strip":1,"minecraft:deepslate_bricks":10,"minecraft:cracked_deepslate_bricks":6,"minecraft:bread":1,"minecraft:oak_sapling":9,"minecraft:deepslate_brick_stairs":1,"minecraft:cobblestone":20}},"DataVersion":3465}