{"stats":{"minecraft:custom":{"minecraft:time_since_rest":2321,"minecraft:crouch_one_cm":46,"minecraft:sprint_one_cm":4146,"minecraft:play_time":3814,"minecraft:deaths":1,"minecraft:damage_taken":330,"minecraft:walk_one_cm":12814,"minecraft:sneak_time":20,"minecraft:mob_kills":1,"minecraft:jump":27,"minecraft:damage_dealt":173,"minecraft:leave_game":2,"minecraft:time_since_death":2286,"minecraft:total_world_time":3814,"minecraft:fall_one_cm":1050,"minecraft:fly_one_cm":2526},"minecraft:killed":{"minecraft:zombie":1},"minecraft:killed_by":{"minecraft:zombie":1},"minecraft:picked_up":{"minecraft:rotten_flesh":1,"minecraft:wheat_seeds":2,"minecraft:dirt":4},"minecraft:mined":{"minecraft:grass":3,"minecraft:grass_block":4,"minecraft:tall_grass":5,"minecraft:oak_leaves":2}},"DataVersion":3465}