{"stats":{"minecraft:custom":{"minecraft:time_since_rest":5059,"minecraft:interact_with_furnace":6,"minecraft:sprint_one_cm":102617,"minecraft:damage_taken":806,"minecraft:walk_one_cm":135647,"minecraft:mob_kills":1,"minecraft:drop":4,"minecraft:damage_dealt":298,"minecraft:talked_to_villager":1,"minecraft:swim_one_cm":2586,"minecraft:interact_with_crafting_table":9,"minecraft:fly_one_cm":56002,"minecraft:player_kills":1,"minecraft:open_barrel":6,"minecraft:open_chest":44,"minecraft:crouch_one_cm":610,"minecraft:play_time":33814,"minecraft:deaths":2,"minecraft:bell_ring":1,"minecraft:sneak_time":295,"minecraft:walk_under_water_one_cm":1604,"minecraft:boat_one_cm":43243,"minecraft:jump":296,"minecraft:leave_game":2,"minecraft:time_since_death":28941,"minecraft:walk_on_water_one_cm":648,"minecraft:sleep_in_bed":2,"minecraft:total_world_time":33814,"minecraft:fall_one_cm":8083},"minecraft:killed":{"minecraft:zombie":1},"minecraft:killed_by":{"minecraft:player":1,"minecraft:zombie":1},"minecraft:crafted":{"minecraft:spruce_sign":3,"minecraft:stone_pickaxe":1,"minecraft:wooden_pickaxe":1,"minecraft:stick":4,"minecraft:spruce_planks":16,"minecraft:dried_kelp":1,"minecraft:stone_axe":1,"minecraft:air":0},"minecraft:used":{"minecraft:bread":5,"minecraft:wooden_pickaxe":12,"minecraft:chest":4,"minecraft:spruce_sign":1,"minecraft:barrel":2,"minecraft:rotten_flesh":1,"minecraft:stone_axe":62,"minecraft:dirt":5,"minecraft:crafting_table":1,"minecraft:spruce_log":4},"minecraft:mined":{"minecraft:scaffolding":1,"minecraft:red_bed":3,"minecraft:barrel":2,"minecraft:spruce_log":33,"minecraft:crafting_table":2,"minecraft:grass":5,"minecraft:grass_block":10,"minecraft:oak_log":3,"minecraft:chest":7,"minecraft:dirt":1,"minecraft:tall_grass":6,"minecraft:spruce_leaves":5,"minecraft:stone":9,"minecraft:oak_leaves":28},"minecraft:dropped":{"farmersdelight:iron_knife":1,"farmersdelight:flint_knife":2,"minecraft:dried_kelp":1},"minecraft:picked_up":{"minecraft:scaffolding":1,"minecraft:stick":4,"minecraft:crafting_table":2,"minecraft:oak_log":3,"minecraft:spruce_sapling":1,"farmersdelight:flint_knife":1,"minecraft:spruce_log":31,"minecraft:lantern":1,"minecraft:barrel":2,"minecraft:dirt":12,"minecraft:red_bed":3,"regions_unexplored:spruce_shrub":1,"farmersdelight:iron_knife":1,"minecraft:rotten_flesh":2,"minecraft:wheat_seeds":3,"minecraft:oak_sapling":4,"minecraft:chest":7,"minecraft:sugar_cane":3,"minecraft:cobblestone":9}},"DataVersion":3465}