{"stats":{"minecraft:custom":{"minecraft:interact_with_furnace":11,"minecraft:mob_kills":1,"minecraft:interact_with_crafting_table":15,"minecraft:open_barrel":8,"minecraft:bell_ring":1,"minecraft:leave_game":2,"minecraft:time_since_death":64941,"minecraft:sleep_in_bed":6,"minecraft:climb_one_cm":1756,"minecraft:time_since_rest":9559,"minecraft:sprint_one_cm":171937,"minecraft:damage_taken":1086,"minecraft:walk_one_cm":277570,"minecraft:drop":4,"minecraft:damage_dealt":389,"minecraft:fly_one_cm":97226,"minecraft:swim_one_cm":2586,"minecraft:talked_to_villager":4,"minecraft:player_kills":1,"minecraft:open_chest":74,"minecraft:crouch_one_cm":13933,"minecraft:play_time":69814,"minecraft:deaths":2,"minecraft:sneak_time":3525,"minecraft:walk_under_water_one_cm":1604,"minecraft:boat_one_cm":43243,"minecraft:jump":563,"minecraft:walk_on_water_one_cm":648,"minecraft:total_world_time":69814,"minecraft:fall_one_cm":16637},"minecraft:killed":{"minecraft:zombie":1},"minecraft:killed_by":{"minecraft:player":1,"minecraft:zombie":1},"minecraft:crafted":{"minecraft:spruce_sign":3,"minecraft:spruce_planks":216,"minecraft:dried_kelp":1,"minecraft:wooden_pickaxe":1,"minecraft:stone_axe":2,"minecraft:air":0,"minecraft:stick":8,"minecraft:stone_pickaxe":2},"minecraft:used":{"minecraft:stone_pickaxe":167,"minecraft:light_blue_terracotta":4,"minecraft:spruce_planks":124,"minecraft:chest":4,"minecraft:wooden_pickaxe":12,"minecraft:spruce_sign":1,"minecraft:rotten_flesh":1,"minecraft:green_terracotta":1,"minecraft:dirt":5,"minecraft:crafting_table":1,"minecraft:spruce_stairs":1,"minecraft:spruce_log":4,"minecraft:lantern":1,"minecraft:bread":13,"minecraft:spruce_trapdoor":1,"minecraft:barrel":3,"minecraft:stone_axe":206,"minecraft:cobblestone":1,"minecraft:furnace":1},"minecraft:dropped":{"farmersdelight:iron_knife":1,"farmersdelight:flint_knife":2,"minecraft:dried_kelp":1},"minecraft:mined":{"regions_unexplored:spruce_shrub":1,"minecraft:deepslate_tiles":11,"minecraft:spruce_planks":13,"minecraft:scaffolding":3,"minecraft:red_bed":3,"minecraft:deepslate_brick_wall":2,"minecraft:spruce_door":1,"minecraft:crafting_table":2,"minecraft:spruce_trapdoor":2,"minecraft:grass_block":10,"minecraft:chest":7,"minecraft:white_stained_glass_pane":9,"minecraft:copper_ore":5,"minecraft:deepslate_bricks":10,"minecraft:tall_grass":9,"minecraft:cobblestone":1,"minecraft:deepslate_tile_stairs":14,"minecraft:spruce_leaves":16,"minecraft:cracked_deepslate_bricks":6,"minecraft:spruce_stairs":51,"minecraft:light_blue_terracotta":4,"minecraft:furnace":1,"minecraft:barrel":3,"minecraft:spruce_log":61,"minecraft:green_terracotta":26,"minecraft:stripped_spruce_log":3,"minecraft:fletching_table":1,"minecraft:cracked_deepslate_tiles":5,"minecraft:grass":7,"minecraft:bookshelf":1,"minecraft:oak_log":8,"minecraft:lantern":1,"minecraft:lime_terracotta":64,"minecraft:dirt":1,"minecraft:deepslate_brick_stairs":1,"minecraft:stone":17,"minecraft:oak_leaves":49,"minecraft:spruce_slab":5},"minecraft:picked_up":{"minecraft:cracked_deepslate_tiles":5,"minecraft:crafting_table":2,"farmersdelight:rice":3,"minecraft:water_bucket":1,"minecraft:wooden_pickaxe":1,"minecraft:potato":4,"minecraft:oak_log":11,"farmersdelight:flint_knife":3,"minecraft:dirt":15,"minecraft:red_bed":3,"minecraft:lantern":5,"minecraft:raw_copper":19,"regions_unexplored:spruce_shrub":3,"farmersdelight:iron_knife":2,"minecraft:deepslate_tiles":11,"minecraft:wheat_seeds":4,"minecraft:spruce_planks":16,"minecraft:fletching_table":1,"minecraft:spruce_slab":5,"minecraft:sugar_cane":3,"minecraft:chest":7,"minecraft:spruce_trapdoor":2,"farmersdelight:cabbage_seeds":6,"minecraft:furnace":1,"minecraft:book":3,"minecraft:scaffolding":4,"minecraft:stick":6,"minecraft:deepslate_brick_wall":2,"minecraft:lime_terracotta":64,"minecraft:spruce_stairs":43,"minecraft:stripped_spruce_log":3,"minecraft:spruce_sapling":6,"minecraft:spruce_log":63,"minecraft:deepslate_tile_stairs":14,"minecraft:barrel":3,"minecraft:spruce_door":1,"minecraft:green_terracotta":26,"minecraft:rotten_flesh":2,"minecraft:light_blue_terracotta":4,"minecraft:deepslate_bricks":10,"minecraft:cracked_deepslate_bricks":6,"minecraft:oak_sapling":8,"minecraft:deepslate_brick_stairs":1,"minecraft:cobblestone":19},"minecraft:broken":{"minecraft:stone_axe":1}},"DataVersion":3465}