{"stats":{"minecraft:mined":{"minecraft:deepslate_tiles":11,"regions_unexplored:spruce_shrub":2,"minecraft:spruce_planks":23,"farmersdelight:onions":1,"regions_unexplored:blue_lupine":2,"minecraft:mossy_stone_brick_slab":1,"minecraft:spruce_trapdoor":2,"minecraft:grass_block":29,"minecraft:deepslate_bricks":10,"minecraft:deepslate_tile_stairs":14,"minecraft:spruce_leaves":16,"minecraft:furnace":1,"minecraft:barrel":4,"minecraft:green_terracotta":26,"minecraft:stripped_spruce_log":3,"minecraft:fletching_table":2,"minecraft:bookshelf":11,"minecraft:potatoes":1,"minecraft:lantern":1,"minecraft:deepslate_brick_stairs":2,"farmersdelight:rice_panicles":1,"regions_unexplored:medium_grass":4,"minecraft:stone":18,"minecraft:spruce_slab":5,"minecraft:scaffolding":6,"minecraft:red_bed":5,"regions_unexplored:red_lupine":1,"minecraft:deepslate_brick_wall":2,"minecraft:spruce_door":1,"minecraft:soul_lantern":1,"minecraft:crafting_table":2,"minecraft:chest":9,"minecraft:white_stained_glass_pane":9,"farmersdelight:cabbages":4,"minecraft:tall_grass":17,"minecraft:copper_ore":5,"minecraft:cobblestone":1,"minecraft:cracked_deepslate_bricks":7,"minecraft:spruce_stairs":56,"minecraft:light_blue_terracotta":4,"regions_unexplored:hyssop":1,"minecraft:spruce_log":85,"minecraft:grass":10,"minecraft:cracked_deepslate_tiles":5,"minecraft:oak_log":12,"quark:spruce_chest":1,"minecraft:lime_terracotta":64,"minecraft:dirt":1,"minecraft:oak_leaves":50,"minecraft:fern":3},"minecraft:killed":{"aquaculture:bluegill":5,"aquaculture:gar":1,"minecraft:pig":1,"minecraft:squid":1,"minecraft:zombie":1,"alexsmobs:crow":1},"minecraft:used":{"minecraft:cracked_deepslate_bricks":1,"minecraft:light_blue_terracotta":4,"minecraft:spruce_planks":278,"minecraft:chest":6,"minecraft:rotten_flesh":1,"minecraft:green_terracotta":1,"minecraft:dirt":24,"minecraft:spruce_stairs":4,"minecraft:lantern":1,"minecraft:barrel":10,"minecraft:furnace":1,"minecraft:potato":1,"minecraft:stone_pickaxe":183,"minecraft:wooden_pickaxe":12,"minecraft:spruce_sign":2,"minecraft:crafting_table":1,"minecraft:spruce_log":4,"magistuarmory:copper_lochaberaxe":1,"minecraft:bread":31,"minecraft:spruce_trapdoor":1,"minecraft:soul_lantern":1,"minecraft:stone_axe":254,"minecraft:cobblestone":1},"minecraft:killed_by":{"minecraft:player":1,"minecraft:zombie":1},"minecraft:broken":{"minecraft:stone_axe":2},"minecraft:crafted":{"minecraft:barrel":6,"magistuarmory:hilt":2,"minecraft:spruce_slab":12,"minecraft:stone_pickaxe":3,"magistuarmory:pole":1,"magistuarmory:copper_lochaberaxe":1,"minecraft:spruce_sign":3,"minecraft:spruce_planks":472,"minecraft:dried_kelp":1,"minecraft:wooden_pickaxe":1,"minecraft:copper_ingot":19,"minecraft:stone_axe":2,"minecraft:air":0,"farmersdelight:beef_patty":11,"minecraft:charcoal":55,"minecraft:stick":16},"minecraft:custom":{"minecraft:mob_kills":10,"minecraft:interact_with_crafting_table":33,"minecraft:open_barrel":56,"minecraft:bell_ring":3,"minecraft:leave_game":2,"minecraft:time_since_death":155393,"minecraft:climb_one_cm":2552,"minecraft:sprint_one_cm":485876,"minecraft:walk_one_cm":529683,"minecraft:drop":12,"minecraft:talked_to_villager":5,"minecraft:play_time":160266,"minecraft:deaths":2,"minecraft:sneak_time":5471,"minecraft:walk_under_water_one_cm":9975,"minecraft:boat_one_cm":43243,"minecraft:jump":1850,"minecraft:walk_on_water_one_cm":4027,"minecraft:total_world_time":160266,"minecraft:interact_with_furnace":45,"minecraft:sleep_in_bed":13,"minecraft:time_since_rest":1491,"minecraft:damage_taken":1236,"minecraft:damage_dealt":849,"minecraft:swim_one_cm":13600,"minecraft:fly_one_cm":411684,"minecraft:player_kills":1,"minecraft:open_chest":194,"minecraft:crouch_one_cm":19656,"minecraft:fall_one_cm":56409},"minecraft:dropped":{"minecraft:bread":1,"farmersdelight:iron_knife":1,"minecraft:spruce_stairs":2,"minecraft:emerald":23,"minecraft:dried_kelp":1,"magistuarmory:copper_lochaberaxe":1,"minecraft:gravel":2,"minecraft:poppy":4,"farmersdelight:flint_knife":2,"minecraft:spruce_trapdoor":2},"minecraft:picked_up":{"minecraft:crafting_table":2,"minecraft:wooden_pickaxe":1,"minecraft:shield":1,"minecraft:red_bed":5,"minecraft:raw_copper":19,"regions_unexplored:spruce_shrub":4,"quark:spruce_chest":1,"minecraft:deepslate_tiles":11,"aquaculture:bluegill":5,"farmersdelight:cabbage":4,"minecraft:spruce_planks":26,"minecraft:spruce_slab":5,"minecraft:sugar_cane":3,"minecraft:chest":9,"minecraft:spruce_trapdoor":4,"farmersdelight:cabbage_seeds":25,"minecraft:furnace":1,"minecraft:stick":6,"minecraft:deepslate_brick_wall":2,"minecraft:spruce_stairs":50,"regions_unexplored:blue_lupine":2,"minecraft:porkchop":1,"minecraft:deepslate_tile_stairs":14,"minecraft:green_terracotta":26,"magistuarmory:copper_lochaberaxe":1,"minecraft:rotten_flesh":10,"farmersdelight:onion":4,"minecraft:deepslate_bricks":10,"minecraft:cracked_deepslate_bricks":7,"minecraft:deepslate_brick_stairs":2,"minecraft:cobblestone":20,"minecraft:cracked_deepslate_tiles":5,"minecraft:feather":1,"farmersdelight:rice":4,"minecraft:water_bucket":1,"minecraft:potato":11,"minecraft:oak_log":15,"regions_unexplored:red_lupine":1,"farmersdelight:flint_knife":3,"minecraft:dirt":34,"minecraft:lantern":8,"farmersdelight:iron_knife":2,"minecraft:wheat_seeds":5,"minecraft:fletching_table":2,"minecraft:iron_sword":1,"minecraft:book":33,"minecraft:scaffolding":7,"minecraft:lime_terracotta":64,"minecraft:stripped_spruce_log":3,"minecraft:spruce_sapling":15,"minecraft:spruce_log":100,"minecraft:spruce_door":1,"minecraft:barrel":4,"minecraft:pumpkin_seeds":1,"minecraft:light_blue_terracotta":4,"minecraft:soul_lantern":1,"magistuarmory:leather_strip":1,"minecraft:bread":1,"minecraft:oak_sapling":9}},"DataVersion":3465}