{"stats":{"minecraft:custom":{"minecraft:interact_with_furnace":20,"minecraft:mob_kills":9,"minecraft:interact_with_crafting_table":16,"minecraft:open_barrel":10,"minecraft:bell_ring":1,"minecraft:leave_game":2,"minecraft:time_since_death":88941,"minecraft:sleep_in_bed":9,"minecraft:climb_one_cm":1756,"minecraft:time_since_rest":2380,"minecraft:sprint_one_cm":240295,"minecraft:damage_taken":1116,"minecraft:walk_one_cm":330336,"minecraft:drop":5,"minecraft:damage_dealt":749,"minecraft:fly_one_cm":163200,"minecraft:swim_one_cm":4374,"minecraft:talked_to_villager":4,"minecraft:player_kills":1,"minecraft:open_chest":90,"minecraft:crouch_one_cm":16680,"minecraft:play_time":93814,"minecraft:deaths":2,"minecraft:sneak_time":4302,"minecraft:walk_under_water_one_cm":8890,"minecraft:boat_one_cm":43243,"minecraft:jump":875,"minecraft:walk_on_water_one_cm":2740,"minecraft:total_world_time":93814,"minecraft:fall_one_cm":24848},"minecraft:killed":{"aquaculture:bluegill":5,"aquaculture:gar":1,"minecraft:squid":1,"minecraft:zombie":1,"alexsmobs:crow":1},"minecraft:killed_by":{"minecraft:player":1,"minecraft:zombie":1},"minecraft:crafted":{"minecraft:spruce_sign":3,"minecraft:spruce_planks":472,"minecraft:dried_kelp":1,"minecraft:wooden_pickaxe":1,"minecraft:stone_axe":2,"minecraft:air":0,"minecraft:charcoal":23,"minecraft:stick":8,"minecraft:stone_pickaxe":2},"minecraft:used":{"minecraft:stone_pickaxe":167,"minecraft:light_blue_terracotta":4,"minecraft:spruce_planks":270,"minecraft:chest":4,"minecraft:wooden_pickaxe":12,"minecraft:spruce_sign":1,"minecraft:rotten_flesh":1,"minecraft:green_terracotta":1,"minecraft:dirt":23,"minecraft:crafting_table":1,"minecraft:spruce_stairs":1,"minecraft:spruce_log":4,"minecraft:lantern":1,"minecraft:bread":17,"minecraft:spruce_trapdoor":1,"minecraft:barrel":3,"minecraft:stone_axe":221,"minecraft:cobblestone":1,"minecraft:furnace":1,"minecraft:potato":1},"minecraft:mined":{"regions_unexplored:spruce_shrub":2,"minecraft:deepslate_tiles":11,"minecraft:spruce_planks":17,"minecraft:scaffolding":6,"minecraft:red_bed":3,"regions_unexplored:red_lupine":1,"minecraft:deepslate_brick_wall":2,"minecraft:spruce_door":1,"minecraft:crafting_table":2,"minecraft:spruce_trapdoor":2,"minecraft:grass_block":28,"minecraft:chest":7,"minecraft:white_stained_glass_pane":9,"minecraft:copper_ore":5,"minecraft:deepslate_bricks":10,"minecraft:tall_grass":15,"minecraft:cobblestone":1,"minecraft:deepslate_tile_stairs":14,"minecraft:spruce_leaves":16,"minecraft:cracked_deepslate_bricks":6,"minecraft:spruce_stairs":51,"minecraft:light_blue_terracotta":4,"minecraft:furnace":1,"minecraft:barrel":3,"minecraft:spruce_log":61,"minecraft:green_terracotta":26,"minecraft:stripped_spruce_log":3,"minecraft:fletching_table":1,"minecraft:cracked_deepslate_tiles":5,"minecraft:grass":9,"minecraft:bookshelf":1,"minecraft:potatoes":1,"minecraft:oak_log":8,"minecraft:lantern":1,"quark:spruce_chest":1,"minecraft:lime_terracotta":64,"minecraft:dirt":1,"minecraft:deepslate_brick_stairs":1,"regions_unexplored:medium_grass":3,"minecraft:stone":17,"minecraft:oak_leaves":49,"minecraft:spruce_slab":5,"minecraft:fern":3},"minecraft:dropped":{"minecraft:bread":1,"farmersdelight:iron_knife":1,"farmersdelight:flint_knife":2,"minecraft:dried_kelp":1},"minecraft:picked_up":{"minecraft:cracked_deepslate_tiles":5,"minecraft:crafting_table":2,"minecraft:feather":1,"farmersdelight:rice":4,"minecraft:water_bucket":1,"minecraft:wooden_pickaxe":1,"minecraft:potato":11,"minecraft:oak_log":11,"regions_unexplored:red_lupine":1,"farmersdelight:flint_knife":3,"minecraft:dirt":33,"minecraft:red_bed":3,"minecraft:lantern":8,"minecraft:raw_copper":19,"regions_unexplored:spruce_shrub":4,"farmersdelight:iron_knife":2,"quark:spruce_chest":1,"minecraft:deepslate_tiles":11,"minecraft:wheat_seeds":5,"aquaculture:bluegill":5,"minecraft:spruce_planks":20,"minecraft:fletching_table":1,"minecraft:spruce_slab":5,"minecraft:sugar_cane":3,"minecraft:chest":7,"minecraft:spruce_trapdoor":2,"farmersdelight:cabbage_seeds":11,"minecraft:furnace":1,"minecraft:book":3,"minecraft:scaffolding":7,"minecraft:stick":6,"minecraft:deepslate_brick_wall":2,"minecraft:lime_terracotta":64,"minecraft:spruce_stairs":43,"minecraft:stripped_spruce_log":3,"minecraft:spruce_sapling":6,"minecraft:spruce_log":76,"minecraft:deepslate_tile_stairs":14,"minecraft:barrel":3,"minecraft:spruce_door":1,"minecraft:green_terracotta":26,"minecraft:pumpkin_seeds":1,"minecraft:rotten_flesh":2,"minecraft:light_blue_terracotta":4,"minecraft:deepslate_bricks":10,"minecraft:cracked_deepslate_bricks":6,"minecraft:bread":1,"minecraft:oak_sapling":8,"minecraft:deepslate_brick_stairs":1,"minecraft:cobblestone":19},"minecraft:broken":{"minecraft:stone_axe":1}},"DataVersion":3465}