{"stats":{"minecraft:custom":{"minecraft:interact_with_furnace":25,"minecraft:mob_kills":34,"minecraft:interact_with_crafting_table":17,"minecraft:leave_game":6,"minecraft:time_since_death":93328,"minecraft:sleep_in_bed":3,"minecraft:climb_one_cm":25583,"minecraft:time_since_rest":51407,"minecraft:sprint_one_cm":214831,"minecraft:damage_taken":1907,"minecraft:walk_one_cm":294660,"minecraft:drop":18,"minecraft:damage_dealt":4523,"minecraft:swim_one_cm":63064,"minecraft:talked_to_villager":1,"minecraft:fly_one_cm":316224,"minecraft:player_kills":1,"minecraft:open_chest":11,"minecraft:play_time":112942,"minecraft:crouch_one_cm":1951,"minecraft:sneak_time":1197,"minecraft:deaths":2,"minecraft:walk_under_water_one_cm":29951,"minecraft:boat_one_cm":169208,"minecraft:jump":1671,"minecraft:walk_on_water_one_cm":13449,"minecraft:total_world_time":112942,"minecraft:fall_one_cm":37632},"minecraft:killed":{"minecraft:pig":3,"aquaculture:bluegill":2,"alexsmobs:seal":2,"minecraft:spider":2,"aquaculture:gar":1,"aquaculture:jellyfish":1,"minecraft:squid":1,"minecraft:horse":4,"minecraft:sheep":3,"minecraft:skeleton":1,"aquaculture:minnow":1,"minecraft:zombie":4,"aquaculture:perch":1,"aquaculture:carp":1,"minecraft:cow":7},"minecraft:killed_by":{"minecraft:spider":1,"alexsmobs:cachalot_whale":1},"minecraft:crafted":{"minecraft:cooked_beef":13,"minecraft:crafting_table":2,"minecraft:dried_kelp":34,"regions_unexplored:maple_planks":64,"minecraft:furnace":2,"minecraft:birch_planks":24,"minecraft:stone_axe":3,"minecraft:cooked_mutton":4,"minecraft:ladder":16,"minecraft:stick":40,"minecraft:stone_pickaxe":2,"minecraft:white_bed":1,"packedup:basicbackpack":1,"minecraft:torch":28},"minecraft:used":{"quark:blossom_log":1,"minecraft:stone_pickaxe":220,"minecraft:dried_kelp":47,"minecraft:oak_planks":6,"minecraft:ladder":16,"minecraft:wooden_pickaxe":41,"regions_unexplored:maple_planks":71,"minecraft:torch":9,"minecraft:crafting_table":4,"minecraft:carrot":7,"minecraft:white_bed":1,"minecraft:apple":1,"minecraft:wooden_sword":4,"minecraft:stone_axe":257,"minecraft:cobblestone":9,"minecraft:purple_bed":1,"minecraft:furnace":4,"minecraft:poisonous_potato":7,"minecraft:oak_boat":4,"minecraft:cooked_beef":9,"minecraft:potato":2},"minecraft:dropped":{"minecraft:wheat_seeds":1,"aquaculture:perch":2,"regions_unexplored:orange_maple_shrub":2,"minecraft:poisonous_potato":2,"minecraft:rotten_flesh":1,"minecraft:carrot":3,"minecraft:dirt":1,"minecraft:gunpowder":1,"minecraft:dried_kelp":1,"minecraft:sand":1,"minecraft:wooden_pickaxe":5,"regions_unexplored:orange_maple_leaf_pile":1},"minecraft:mined":{"regions_unexplored:spruce_shrub":1,"quark:yellow_blossom_leaves":153,"regions_unexplored:maple_planks":7,"minecraft:kelp_plant":20,"regions_unexplored:maple_log":45,"minecraft:crafting_table":3,"regions_unexplored:silt_dirt":5,"minecraft:chest":1,"minecraft:campfire":1,"quark:blossom_log":10,"minecraft:tall_grass":1,"regions_unexplored:maple_leaves":4,"minecraft:kelp":12,"minecraft:oak_planks":2,"minecraft:wall_torch":1,"minecraft:purple_bed":1,"minecraft:coarse_dirt":3,"minecraft:furnace":2,"minecraft:birch_log":13,"minecraft:iron_ore":13,"minecraft:ice":1,"minecraft:birch_leaves":2,"regions_unexplored:orange_maple_leaves":4,"regions_unexplored:silver_birch_leaves":2,"regions_unexplored:red_maple_leaf_pile":1,"regions_unexplored:pine_leaves":1,"minecraft:grass":9,"minecraft:coal_ore":151,"regions_unexplored:red_maple_leaves":5,"regions_unexplored:silver_birch_log":21,"regions_unexplored:orange_maple_shrub":1,"regions_unexplored:medium_grass":6,"regions_unexplored:orange_maple_leaf_pile":1,"minecraft:stone":89,"regions_unexplored:silt_grass_block":1,"minecraft:oak_leaves":4},"minecraft:picked_up":{"minecraft:birch_log":13,"minecraft:charcoal":2,"minecraft:crafting_table":3,"minecraft:cooked_beef":1,"minecraft:leather":10,"regions_unexplored:orange_maple_shrub":2,"minecraft:wooden_pickaxe":5,"regions_unexplored:maple_planks":7,"regions_unexplored:red_maple_leaf_pile":1,"minecraft:string":3,"minecraft:kelp":69,"minecraft:wheat_seeds":2,"minecraft:beef":18,"regions_unexplored:maple_leaf_pile":4,"minecraft:oak_boat":5,"aquaculture:minnow":1,"minecraft:sugar_cane":2,"minecraft:chest":1,"minecraft:oak_planks":2,"regions_unexplored:orange_maple_leaf_pile":1,"minecraft:furnace":2,"minecraft:raw_iron":13,"minecraft:stick":10,"minecraft:torch":1,"minecraft:bowl":1,"aquaculture:perch":2,"quark:blossom_log":10,"minecraft:porkchop":8,"minecraft:dried_kelp":16,"minecraft:ink_sac":2,"minecraft:spruce_log":2,"minecraft:arrow":2,"minecraft:purple_bed":1,"minecraft:rotten_flesh":11,"regions_unexplored:silver_birch_log":19,"regions_unexplored:maple_log":42,"minecraft:oak_sapling":2,"minecraft:mutton":4,"minecraft:coal":186,"minecraft:white_wool":3,"minecraft:cobblestone":92},"minecraft:broken":{"minecraft:stone_pickaxe":1,"minecraft:stone_axe":2}},"DataVersion":3465}