{"stats":{"minecraft:custom":{"minecraft:time_since_rest":17091,"minecraft:interact_with_furnace":7,"minecraft:sprint_one_cm":86515,"minecraft:damage_taken":972,"minecraft:walk_one_cm":98657,"minecraft:mob_kills":11,"minecraft:drop":2,"minecraft:damage_dealt":1323,"minecraft:swim_one_cm":39973,"minecraft:interact_with_crafting_table":4,"minecraft:fly_one_cm":119277,"minecraft:open_chest":2,"minecraft:crouch_one_cm":19,"minecraft:play_time":36594,"minecraft:deaths":2,"minecraft:sneak_time":212,"minecraft:walk_under_water_one_cm":24068,"minecraft:boat_one_cm":58572,"minecraft:jump":527,"minecraft:leave_game":2,"minecraft:time_since_death":16980,"minecraft:walk_on_water_one_cm":9363,"minecraft:total_world_time":36594,"minecraft:fall_one_cm":10685},"minecraft:killed":{"minecraft:skeleton":1,"aquaculture:minnow":1,"minecraft:zombie":3,"aquaculture:bluegill":1,"aquaculture:perch":1,"alexsmobs:seal":2,"aquaculture:gar":1,"aquaculture:jellyfish":1},"minecraft:killed_by":{"alexsmobs:cachalot_whale":1,"minecraft:spider":1},"minecraft:crafted":{"minecraft:crafting_table":1,"minecraft:stick":40,"minecraft:stone_pickaxe":1,"minecraft:furnace":2,"minecraft:torch":28,"minecraft:birch_planks":24,"minecraft:stone_axe":1},"minecraft:used":{"minecraft:apple":1,"minecraft:stone_pickaxe":48,"minecraft:wooden_pickaxe":34,"minecraft:stone_axe":70,"minecraft:torch":6,"minecraft:wooden_sword":4,"minecraft:cobblestone":5,"minecraft:crafting_table":2,"minecraft:furnace":2,"minecraft:carrot":7,"minecraft:poisonous_potato":7,"minecraft:potato":2},"minecraft:dropped":{"minecraft:sand":1,"minecraft:carrot":3},"minecraft:mined":{"minecraft:kelp_plant":20,"minecraft:birch_log":13,"minecraft:ice":1,"minecraft:birch_leaves":2,"minecraft:crafting_table":1,"minecraft:grass":2,"minecraft:coal_ore":47,"minecraft:kelp":12,"minecraft:stone":30,"minecraft:oak_leaves":2},"minecraft:picked_up":{"minecraft:birch_log":13,"minecraft:crafting_table":1,"minecraft:stick":1,"minecraft:bowl":1,"minecraft:wooden_pickaxe":5,"aquaculture:perch":1,"minecraft:arrow":2,"minecraft:rotten_flesh":8,"minecraft:kelp":51,"minecraft:wheat_seeds":1,"minecraft:oak_boat":1,"aquaculture:minnow":1,"minecraft:oak_sapling":2,"minecraft:sugar_cane":2,"minecraft:coal":47,"minecraft:cobblestone":33}},"DataVersion":3465}