{"stats":{"minecraft:custom":{"minecraft:interact_with_furnace":17,"minecraft:mob_kills":11,"minecraft:interact_with_crafting_table":5,"minecraft:leave_game":2,"minecraft:time_since_death":28980,"minecraft:sleep_in_bed":2,"minecraft:time_since_rest":851,"minecraft:sprint_one_cm":102072,"minecraft:damage_taken":982,"minecraft:walk_one_cm":126205,"minecraft:drop":8,"minecraft:damage_dealt":1584,"minecraft:swim_one_cm":39973,"minecraft:fly_one_cm":140382,"minecraft:player_kills":1,"minecraft:open_chest":2,"minecraft:crouch_one_cm":19,"minecraft:play_time":48594,"minecraft:deaths":2,"minecraft:sneak_time":215,"minecraft:walk_under_water_one_cm":24068,"minecraft:boat_one_cm":169208,"minecraft:jump":637,"minecraft:walk_on_water_one_cm":11061,"minecraft:total_world_time":48594,"minecraft:fall_one_cm":11999},"minecraft:killed":{"aquaculture:bluegill":1,"alexsmobs:seal":2,"aquaculture:gar":1,"aquaculture:jellyfish":1,"minecraft:skeleton":1,"aquaculture:minnow":1,"minecraft:zombie":3,"aquaculture:perch":1},"minecraft:killed_by":{"minecraft:spider":1,"alexsmobs:cachalot_whale":1},"minecraft:crafted":{"minecraft:crafting_table":1,"minecraft:dried_kelp":18,"minecraft:furnace":2,"minecraft:birch_planks":24,"minecraft:stone_axe":2,"minecraft:stick":40,"minecraft:stone_pickaxe":1,"minecraft:torch":28},"minecraft:used":{"minecraft:stone_pickaxe":48,"minecraft:dried_kelp":19,"minecraft:wooden_pickaxe":36,"minecraft:torch":6,"minecraft:crafting_table":2,"minecraft:carrot":7,"minecraft:apple":1,"minecraft:stone_axe":76,"minecraft:wooden_sword":4,"minecraft:cobblestone":5,"minecraft:purple_bed":1,"minecraft:furnace":2,"minecraft:poisonous_potato":7,"minecraft:oak_boat":4,"minecraft:potato":2},"minecraft:mined":{"minecraft:kelp_plant":20,"minecraft:crafting_table":2,"minecraft:campfire":1,"minecraft:kelp":12,"minecraft:purple_bed":1,"minecraft:furnace":2,"minecraft:birch_log":13,"minecraft:ice":1,"minecraft:birch_leaves":2,"minecraft:grass":2,"minecraft:coal_ore":47,"minecraft:stone":30,"minecraft:oak_leaves":2},"minecraft:dropped":{"minecraft:wheat_seeds":1,"aquaculture:perch":1,"minecraft:rotten_flesh":1,"minecraft:carrot":3,"minecraft:dirt":1,"minecraft:gunpowder":1,"minecraft:dried_kelp":1,"minecraft:sand":1},"minecraft:picked_up":{"minecraft:birch_log":13,"minecraft:charcoal":2,"minecraft:crafting_table":2,"minecraft:wooden_pickaxe":5,"minecraft:kelp":69,"minecraft:wheat_seeds":1,"minecraft:oak_boat":5,"aquaculture:minnow":1,"minecraft:sugar_cane":2,"minecraft:furnace":2,"minecraft:stick":1,"minecraft:bowl":1,"aquaculture:perch":2,"minecraft:dried_kelp":16,"minecraft:rotten_flesh":9,"minecraft:arrow":2,"minecraft:purple_bed":1,"minecraft:oak_sapling":2,"minecraft:coal":82,"minecraft:cobblestone":33}},"DataVersion":3465}