{"stats":{"minecraft:custom":{"minecraft:jump":13,"minecraft:time_since_rest":1458,"minecraft:damage_dealt":141,"minecraft:crouch_one_cm":19,"minecraft:sprint_one_cm":1421,"minecraft:play_time":1458,"minecraft:damage_taken":10,"minecraft:time_since_death":1458,"minecraft:walk_one_cm":5197,"minecraft:sneak_time":17,"minecraft:total_world_time":1458,"minecraft:fall_one_cm":209,"minecraft:fly_one_cm":1163},"minecraft:used":{"minecraft:wooden_pickaxe":3},"minecraft:picked_up":{"minecraft:wooden_pickaxe":4}},"DataVersion":3465}