{"stats":{"minecraft:custom":{"minecraft:time_since_rest":5527,"minecraft:sprint_one_cm":59154,"minecraft:damage_taken":822,"minecraft:walk_one_cm":63919,"minecraft:mob_kills":5,"minecraft:drop":2,"minecraft:damage_dealt":1004,"minecraft:swim_one_cm":31868,"minecraft:interact_with_crafting_table":2,"minecraft:fly_one_cm":42273,"minecraft:open_chest":2,"minecraft:crouch_one_cm":19,"minecraft:play_time":25030,"minecraft:deaths":2,"minecraft:sneak_time":109,"minecraft:walk_under_water_one_cm":12507,"minecraft:jump":305,"minecraft:leave_game":2,"minecraft:time_since_death":5416,"minecraft:walk_on_water_one_cm":5452,"minecraft:total_world_time":25030,"minecraft:fall_one_cm":7842},"minecraft:killed":{"minecraft:skeleton":1,"minecraft:zombie":3,"aquaculture:jellyfish":1},"minecraft:killed_by":{"alexsmobs:cachalot_whale":1,"minecraft:spider":1},"minecraft:crafted":{"minecraft:crafting_table":1,"minecraft:stick":40,"minecraft:stone_pickaxe":1,"minecraft:torch":28,"minecraft:birch_planks":24,"minecraft:stone_axe":1},"minecraft:used":{"minecraft:apple":1,"minecraft:stone_pickaxe":48,"minecraft:wooden_pickaxe":14,"minecraft:stone_axe":30,"minecraft:torch":6,"minecraft:wooden_sword":4,"minecraft:crafting_table":1,"minecraft:carrot":7,"minecraft:potato":2},"minecraft:dropped":{"minecraft:sand":1,"minecraft:carrot":3},"minecraft:mined":{"minecraft:kelp_plant":3,"minecraft:birch_log":13,"minecraft:birch_leaves":2,"minecraft:crafting_table":1,"minecraft:grass":2,"minecraft:coal_ore":47,"minecraft:stone":10,"minecraft:oak_leaves":2},"minecraft:picked_up":{"minecraft:birch_log":13,"minecraft:crafting_table":1,"minecraft:stick":1,"minecraft:wooden_pickaxe":5,"minecraft:arrow":2,"minecraft:rotten_flesh":1,"minecraft:kelp":17,"minecraft:wheat_seeds":1,"minecraft:oak_sapling":2,"minecraft:coal":47,"minecraft:cobblestone":13}},"DataVersion":3465}