{"stats":{"minecraft:custom":{"minecraft:deaths":1,"minecraft:time_since_rest":5759,"minecraft:crouch_one_cm":19,"minecraft:play_time":13458,"minecraft:sprint_one_cm":13689,"minecraft:damage_taken":350,"minecraft:walk_one_cm":28817,"minecraft:sneak_time":85,"minecraft:walk_under_water_one_cm":8042,"minecraft:drop":1,"minecraft:jump":145,"minecraft:damage_dealt":231,"minecraft:time_since_death":5653,"minecraft:walk_on_water_one_cm":3453,"minecraft:total_world_time":13458,"minecraft:swim_one_cm":24839,"minecraft:interact_with_crafting_table":2,"minecraft:fall_one_cm":5417,"minecraft:fly_one_cm":13745,"minecraft:open_chest":2},"minecraft:killed_by":{"alexsmobs:cachalot_whale":1},"minecraft:crafted":{"minecraft:torch":28,"minecraft:birch_planks":24,"minecraft:stone_axe":1,"minecraft:crafting_table":1,"minecraft:stick":40,"minecraft:stone_pickaxe":1},"minecraft:used":{"minecraft:stone_axe":2,"minecraft:torch":6,"minecraft:crafting_table":1,"minecraft:stone_pickaxe":48,"minecraft:wooden_pickaxe":14},"minecraft:dropped":{"minecraft:sand":1},"minecraft:mined":{"minecraft:coal_ore":47,"minecraft:birch_log":6,"minecraft:stone":10,"minecraft:birch_leaves":1,"minecraft:crafting_table":1},"minecraft:picked_up":{"minecraft:birch_log":6,"minecraft:crafting_table":1,"minecraft:stick":1,"minecraft:wooden_pickaxe":4,"minecraft:oak_sapling":2,"minecraft:coal":47,"minecraft:cobblestone":10}},"DataVersion":3465}