{"stats":{"minecraft:custom":{"minecraft:interact_with_furnace":25,"minecraft:mob_kills":27,"minecraft:interact_with_crafting_table":16,"minecraft:leave_game":3,"minecraft:time_since_death":70720,"minecraft:climb_one_cm":10004,"minecraft:sleep_in_bed":3,"minecraft:time_since_rest":28799,"minecraft:sprint_one_cm":159056,"minecraft:damage_taken":1424,"minecraft:walk_one_cm":239208,"minecraft:drop":10,"minecraft:damage_dealt":3802,"minecraft:swim_one_cm":49709,"minecraft:talked_to_villager":1,"minecraft:fly_one_cm":219936,"minecraft:player_kills":1,"minecraft:open_chest":11,"minecraft:play_time":90334,"minecraft:crouch_one_cm":1951,"minecraft:sneak_time":1171,"minecraft:deaths":2,"minecraft:walk_under_water_one_cm":28325,"minecraft:boat_one_cm":169208,"minecraft:jump":1183,"minecraft:walk_on_water_one_cm":12226,"minecraft:total_world_time":90334,"minecraft:fall_one_cm":27824},"minecraft:killed":{"aquaculture:bluegill":1,"alexsmobs:seal":2,"minecraft:spider":1,"aquaculture:gar":1,"aquaculture:jellyfish":1,"minecraft:squid":1,"minecraft:horse":4,"minecraft:sheep":3,"minecraft:skeleton":1,"aquaculture:minnow":1,"minecraft:zombie":3,"aquaculture:perch":1,"minecraft:cow":7},"minecraft:killed_by":{"minecraft:spider":1,"alexsmobs:cachalot_whale":1},"minecraft:crafted":{"minecraft:cooked_beef":13,"minecraft:crafting_table":1,"minecraft:dried_kelp":34,"regions_unexplored:maple_planks":64,"minecraft:furnace":2,"minecraft:birch_planks":24,"minecraft:stone_axe":2,"minecraft:cooked_mutton":4,"minecraft:ladder":16,"minecraft:stick":40,"minecraft:stone_pickaxe":1,"minecraft:white_bed":1,"packedup:basicbackpack":1,"minecraft:torch":28},"minecraft:used":{"quark:blossom_log":1,"minecraft:stone_pickaxe":48,"minecraft:dried_kelp":47,"minecraft:oak_planks":2,"minecraft:ladder":16,"minecraft:wooden_pickaxe":36,"regions_unexplored:maple_planks":71,"minecraft:torch":6,"minecraft:crafting_table":3,"minecraft:carrot":7,"minecraft:white_bed":1,"minecraft:apple":1,"minecraft:wooden_sword":4,"minecraft:stone_axe":235,"minecraft:cobblestone":5,"minecraft:purple_bed":1,"minecraft:furnace":4,"minecraft:poisonous_potato":7,"minecraft:oak_boat":4,"minecraft:cooked_beef":3,"minecraft:potato":2},"minecraft:dropped":{"minecraft:wheat_seeds":1,"aquaculture:perch":2,"minecraft:poisonous_potato":2,"minecraft:rotten_flesh":1,"minecraft:carrot":3,"minecraft:dirt":1,"minecraft:gunpowder":1,"minecraft:dried_kelp":1,"minecraft:sand":1},"minecraft:mined":{"regions_unexplored:spruce_shrub":1,"quark:yellow_blossom_leaves":153,"regions_unexplored:maple_planks":7,"minecraft:kelp_plant":20,"regions_unexplored:maple_log":45,"minecraft:crafting_table":2,"minecraft:chest":1,"quark:blossom_log":10,"minecraft:campfire":1,"minecraft:tall_grass":1,"regions_unexplored:maple_leaves":4,"minecraft:oak_planks":2,"minecraft:kelp":12,"minecraft:purple_bed":1,"minecraft:furnace":2,"minecraft:birch_log":13,"minecraft:ice":1,"minecraft:birch_leaves":2,"regions_unexplored:orange_maple_leaves":4,"regions_unexplored:red_maple_leaf_pile":1,"regions_unexplored:silver_birch_leaves":2,"minecraft:grass":7,"minecraft:coal_ore":47,"regions_unexplored:red_maple_leaves":5,"regions_unexplored:silver_birch_log":21,"regions_unexplored:orange_maple_shrub":1,"regions_unexplored:medium_grass":5,"regions_unexplored:orange_maple_leaf_pile":1,"minecraft:stone":30,"minecraft:oak_leaves":4},"minecraft:picked_up":{"minecraft:birch_log":13,"minecraft:charcoal":2,"minecraft:crafting_table":2,"minecraft:cooked_beef":1,"minecraft:leather":10,"regions_unexplored:orange_maple_shrub":1,"minecraft:wooden_pickaxe":5,"regions_unexplored:maple_planks":7,"regions_unexplored:red_maple_leaf_pile":1,"minecraft:string":2,"minecraft:kelp":69,"minecraft:wheat_seeds":1,"regions_unexplored:maple_leaf_pile":4,"minecraft:beef":18,"minecraft:oak_boat":5,"aquaculture:minnow":1,"minecraft:sugar_cane":2,"minecraft:chest":1,"minecraft:oak_planks":2,"regions_unexplored:orange_maple_leaf_pile":1,"minecraft:furnace":2,"minecraft:stick":10,"minecraft:bowl":1,"aquaculture:perch":2,"quark:blossom_log":10,"minecraft:dried_kelp":16,"minecraft:ink_sac":2,"minecraft:rotten_flesh":9,"minecraft:arrow":2,"minecraft:purple_bed":1,"regions_unexplored:silver_birch_log":19,"regions_unexplored:maple_log":42,"minecraft:oak_sapling":2,"minecraft:mutton":4,"minecraft:coal":82,"minecraft:white_wool":3,"minecraft:cobblestone":33},"minecraft:broken":{"minecraft:stone_axe":1}},"DataVersion":3465}