{"stats":{"minecraft:custom":{"minecraft:time_since_rest":13654,"minecraft:sprint_one_cm":122455,"minecraft:interact_with_furnace":3,"minecraft:damage_taken":679,"minecraft:walk_one_cm":120357,"minecraft:mob_kills":12,"minecraft:drop":7,"minecraft:damage_dealt":1119,"minecraft:swim_one_cm":26456,"minecraft:interact_with_crafting_table":6,"minecraft:fly_one_cm":152427,"minecraft:crouch_one_cm":1340,"minecraft:play_time":39976,"minecraft:deaths":1,"minecraft:sneak_time":352,"minecraft:walk_under_water_one_cm":12526,"minecraft:jump":720,"minecraft:leave_game":1,"minecraft:time_since_death":13550,"minecraft:walk_on_water_one_cm":11249,"minecraft:sleep_in_bed":1,"minecraft:total_world_time":39976,"minecraft:fall_one_cm":15253},"minecraft:killed":{"minecraft:sheep":6,"minecraft:zombie":1,"minecraft:pig":4,"minecraft:salmon":1},"minecraft:killed_by":{"graveyard:skeleton_creeper":1},"minecraft:crafted":{"minecraft:wooden_sword":1,"minecraft:oak_planks":112,"minecraft:crafting_table":2,"minecraft:stick":56,"minecraft:wooden_pickaxe":9,"minecraft:stone_pickaxe":2,"minecraft:stone_sword":2,"minecraft:stone_axe":1},"minecraft:used":{"minecraft:stone_sword":31,"minecraft:stone_pickaxe":12,"minecraft:wooden_pickaxe":73,"minecraft:salmon":1,"minecraft:stone_axe":28,"minecraft:cobblestone":14,"minecraft:mutton":8,"minecraft:crafting_table":3,"minecraft:furnace":1,"minecraft:porkchop":9,"minecraft:carrot":4},"minecraft:dropped":{"minecraft:dirt":3,"minecraft:wooden_pickaxe":6},"minecraft:picked_up":{"minecraft:crafting_table":3,"minecraft:sweet_berries":27,"minecraft:salmon":1,"minecraft:porkchop":10,"minecraft:oak_log":52,"minecraft:carrot":3,"minecraft:dirt":10,"minecraft:red_bed":1,"minecraft:peony":2,"minecraft:poppy":1,"minecraft:light_gray_wool":1,"minecraft:mutton":8,"minecraft:coal":25,"regions_unexplored:bleeding_heart":12,"minecraft:white_wool":5,"minecraft:cobblestone":55,"minecraft:furnace":1},"minecraft:mined":{"minecraft:large_fern":2,"minecraft:furnace":1,"minecraft:red_bed":1,"minecraft:kelp_plant":2,"minecraft:sweet_berry_bush":10,"regions_unexplored:frozen_grass":3,"minecraft:crafting_table":3,"minecraft:peony":2,"regions_unexplored:bleeding_heart":15,"minecraft:grass":2,"minecraft:grass_block":3,"minecraft:oak_log":52,"minecraft:coal_ore":25,"minecraft:poppy":1,"minecraft:dirt":4,"regions_unexplored:medium_grass":2,"minecraft:spruce_leaves":2,"minecraft:stone":55,"minecraft:oak_leaves":4,"minecraft:fern":1}},"DataVersion":3465}