{"stats":{"minecraft:mined":{"regions_unexplored:spruce_shrub":1,"minecraft:deepslate_tiles":3,"minecraft:scaffolding":3,"regions_unexplored:blue_lupine":2,"minecraft:red_bed":5,"minecraft:kelp_plant":6,"regions_unexplored:maple_log":28,"minecraft:clay":3,"regions_unexplored:red_maple_shrub":1,"minecraft:crafting_table":5,"minecraft:torch":2,"regions_unexplored:bleeding_heart":15,"minecraft:purple_terracotta":19,"minecraft:allium":2,"minecraft:grass_block":11,"minecraft:poppy":1,"regions_unexplored:silt_dirt":1,"regions_unexplored:silver_birch_shrub":4,"minecraft:white_stained_glass_pane":11,"minecraft:tall_grass":29,"minecraft:spruce_leaves":2,"minecraft:lapis_ore":5,"regions_unexplored:white_trillium":2,"minecraft:kelp":2,"minecraft:blue_bed":3,"minecraft:large_fern":2,"minecraft:purple_bed":4,"minecraft:red_terracotta":7,"minecraft:furnace":1,"minecraft:magenta_terracotta":15,"minecraft:sweet_berry_bush":10,"minecraft:lilac":5,"minecraft:spruce_log":7,"regions_unexplored:orange_maple_leaves":13,"regions_unexplored:frozen_grass":3,"regions_unexplored:red_maple_leaf_pile":1,"minecraft:peony":8,"minecraft:grass":20,"minecraft:cracked_deepslate_tiles":2,"minecraft:bookshelf":6,"minecraft:oak_log":70,"minecraft:coal_ore":25,"regions_unexplored:maple_leaf_pile":2,"minecraft:oak_sign":1,"regions_unexplored:red_maple_leaves":5,"minecraft:lantern":7,"minecraft:dirt":5,"regions_unexplored:apple_oak_leaves":3,"regions_unexplored:orange_maple_shrub":1,"regions_unexplored:medium_grass":11,"minecraft:terracotta":2,"minecraft:stone":75,"regions_unexplored:silt_grass_block":2,"regions_unexplored:tassel":5,"minecraft:orange_bed":1,"minecraft:oak_leaves":8,"minecraft:pink_terracotta":1,"minecraft:fern":8},"minecraft:killed":{"minecraft:pig":18,"minecraft:salmon":1,"minecraft:sheep":7,"minecraft:zombie":1,"minecraft:chicken":6,"alexsmobs:crow":1,"minecraft:cow":7},"minecraft:used":{"minecraft:cooked_mutton":6,"minecraft:peony":1,"minecraft:stone_sword":101,"minecraft:stone_pickaxe":106,"minecraft:oak_sign":2,"minecraft:wooden_pickaxe":96,"minecraft:blue_bed":2,"minecraft:stone_hoe":5,"minecraft:salmon":1,"minecraft:mutton":8,"minecraft:crafting_table":6,"minecraft:red_bed":1,"minecraft:carrot":4,"minecraft:cracked_deepslate_tiles":2,"minecraft:purple_terracotta":11,"minecraft:spruce_log":11,"minecraft:lantern":7,"minecraft:bread":2,"minecraft:purple_bed":4,"minecraft:stone_axe":141,"minecraft:cobblestone":14,"minecraft:magenta_terracotta":5,"minecraft:beef":2,"minecraft:scaffolding":4,"minecraft:furnace":2,"minecraft:porkchop":9,"minecraft:potato":1},"minecraft:killed_by":{"alexsmobs:grizzly_bear":1,"graveyard:skeleton_creeper":1},"minecraft:crafted":{"minecraft:wooden_sword":1,"minecraft:oak_planks":184,"minecraft:oak_sign":3,"minecraft:cooked_porkchop":3,"minecraft:crafting_table":3,"minecraft:wooden_pickaxe":10,"minecraft:stone_axe":3,"minecraft:stick":72,"minecraft:stone_pickaxe":5,"minecraft:stone_sword":3,"minecraft:stone_hoe":1},"minecraft:custom":{"minecraft:interact_with_furnace":13,"minecraft:mob_kills":41,"minecraft:interact_with_crafting_table":17,"minecraft:leave_game":3,"minecraft:time_since_death":70280,"minecraft:sleep_in_bed":7,"minecraft:climb_one_cm":356,"minecraft:time_since_rest":16125,"minecraft:sprint_one_cm":240354,"minecraft:damage_taken":1207,"minecraft:walk_one_cm":452704,"minecraft:drop":10,"minecraft:damage_dealt":3757,"minecraft:swim_one_cm":44839,"minecraft:fly_one_cm":300965,"minecraft:open_chest":30,"minecraft:play_time":110623,"minecraft:crouch_one_cm":2757,"minecraft:sneak_time":717,"minecraft:deaths":2,"minecraft:walk_under_water_one_cm":15636,"minecraft:boat_one_cm":58980,"minecraft:jump":1618,"minecraft:walk_on_water_one_cm":16699,"minecraft:total_world_time":110623,"minecraft:fall_one_cm":39556},"minecraft:dropped":{"minecraft:stone_hoe":1,"minecraft:dirt":3,"minecraft:purple_bed":1,"minecraft:wooden_pickaxe":7},"minecraft:picked_up":{"minecraft:cracked_deepslate_tiles":2,"minecraft:crafting_table":5,"minecraft:allium":2,"minecraft:feather":7,"minecraft:lilac":5,"minecraft:chicken":6,"minecraft:clay_ball":12,"minecraft:salmon":1,"regions_unexplored:orange_maple_shrub":1,"minecraft:leather":7,"regions_unexplored:silver_birch_shrub":4,"regions_unexplored:silt_dirt":2,"minecraft:wooden_pickaxe":1,"regions_unexplored:white_trillium":2,"minecraft:oak_log":70,"regions_unexplored:red_maple_sapling":1,"regions_unexplored:red_maple_leaf_pile":4,"minecraft:lantern":8,"minecraft:red_bed":5,"minecraft:lapis_lazuli":33,"minecraft:dirt":17,"regions_unexplored:tassel":5,"minecraft:magenta_terracotta":15,"minecraft:blue_bed":3,"minecraft:oak_sign":1,"minecraft:deepslate_tiles":4,"regions_unexplored:red_maple_shrub":1,"minecraft:wheat_seeds":5,"minecraft:beef":12,"regions_unexplored:maple_leaf_pile":3,"minecraft:poppy":1,"minecraft:light_gray_wool":1,"minecraft:stone_hoe":1,"regions_unexplored:bleeding_heart":12,"minecraft:furnace":1,"minecraft:book":18,"minecraft:scaffolding":3,"minecraft:stick":12,"minecraft:sweet_berries":27,"minecraft:torch":2,"minecraft:spruce_stairs":11,"regions_unexplored:blue_lupine":1,"minecraft:porkchop":37,"minecraft:carrot":3,"minecraft:spruce_log":6,"minecraft:red_terracotta":1,"minecraft:purple_terracotta":20,"minecraft:orange_bed":1,"minecraft:purple_bed":5,"minecraft:peony":8,"regions_unexplored:maple_log":28,"minecraft:terracotta":2,"minecraft:mutton":10,"minecraft:coal":25,"minecraft:white_wool":6,"minecraft:cobblestone":75}},"DataVersion":3465}