{"stats":{"minecraft:custom":{"minecraft:time_since_rest":5205,"minecraft:interact_with_furnace":3,"minecraft:sprint_one_cm":105793,"minecraft:damage_taken":639,"minecraft:walk_one_cm":75689,"minecraft:mob_kills":11,"minecraft:drop":7,"minecraft:damage_dealt":1089,"minecraft:swim_one_cm":20578,"minecraft:interact_with_crafting_table":4,"minecraft:fly_one_cm":118763,"minecraft:crouch_one_cm":1061,"minecraft:play_time":31527,"minecraft:deaths":1,"minecraft:sneak_time":249,"minecraft:walk_under_water_one_cm":6168,"minecraft:jump":553,"minecraft:leave_game":1,"minecraft:walk_on_water_one_cm":7691,"minecraft:time_since_death":5101,"minecraft:sleep_in_bed":1,"minecraft:total_world_time":31527,"minecraft:fall_one_cm":13689},"minecraft:killed":{"minecraft:sheep":6,"minecraft:zombie":1,"minecraft:pig":4},"minecraft:killed_by":{"graveyard:skeleton_creeper":1},"minecraft:crafted":{"minecraft:oak_planks":112,"minecraft:crafting_table":1,"minecraft:stick":56,"minecraft:wooden_pickaxe":8,"minecraft:stone_pickaxe":1,"minecraft:stone_sword":1,"minecraft:stone_axe":1},"minecraft:used":{"minecraft:stone_sword":31,"minecraft:stone_pickaxe":12,"minecraft:wooden_pickaxe":54,"minecraft:stone_axe":28,"minecraft:cobblestone":14,"minecraft:mutton":8,"minecraft:crafting_table":2,"minecraft:furnace":1,"minecraft:porkchop":9,"minecraft:carrot":4},"minecraft:dropped":{"minecraft:dirt":3,"minecraft:wooden_pickaxe":6},"minecraft:picked_up":{"minecraft:crafting_table":2,"minecraft:sweet_berries":4,"minecraft:porkchop":10,"minecraft:oak_log":52,"minecraft:carrot":3,"minecraft:red_bed":1,"minecraft:dirt":10,"minecraft:peony":2,"minecraft:poppy":1,"minecraft:light_gray_wool":1,"minecraft:mutton":8,"minecraft:coal":12,"minecraft:white_wool":5,"minecraft:cobblestone":49,"minecraft:furnace":1},"minecraft:mined":{"minecraft:large_fern":1,"minecraft:furnace":1,"minecraft:red_bed":1,"minecraft:kelp_plant":2,"minecraft:sweet_berry_bush":1,"minecraft:peony":2,"minecraft:crafting_table":2,"minecraft:grass":2,"minecraft:coal_ore":12,"minecraft:grass_block":3,"minecraft:oak_log":52,"minecraft:poppy":1,"minecraft:dirt":4,"minecraft:spruce_leaves":1,"minecraft:stone":49,"minecraft:oak_leaves":4}},"DataVersion":3465}