{"stats":{"minecraft:broken":{"minecraft:stone_pickaxe":1,"minecraft:stone_axe":1},"minecraft:custom":{"minecraft:mob_kills":54,"minecraft:interact_with_crafting_table":17,"minecraft:leave_game":5,"minecraft:time_since_death":110971,"minecraft:climb_one_cm":588,"minecraft:sprint_one_cm":335478,"minecraft:walk_one_cm":627721,"minecraft:drop":24,"minecraft:talked_to_villager":1,"minecraft:play_time":151314,"minecraft:sneak_time":1549,"minecraft:deaths":2,"minecraft:walk_under_water_one_cm":19196,"minecraft:boat_one_cm":58980,"minecraft:jump":2135,"minecraft:walk_on_water_one_cm":23384,"minecraft:total_world_time":151314,"minecraft:interact_with_furnace":21,"minecraft:sleep_in_bed":9,"minecraft:time_since_rest":36800,"minecraft:damage_taken":1402,"minecraft:damage_dealt":5024,"minecraft:swim_one_cm":67647,"minecraft:fly_one_cm":417197,"minecraft:open_chest":50,"minecraft:crouch_one_cm":4343,"minecraft:fall_one_cm":49353},"minecraft:killed":{"minecraft:chicken":7,"minecraft:pig":22,"minecraft:salmon":1,"minecraft:sheep":13,"minecraft:zombie":1,"alexsmobs:crow":2,"minecraft:cow":8},"minecraft:mined":{"regions_unexplored:spruce_shrub":1,"minecraft:deepslate_tiles":10,"minecraft:spruce_planks":1,"regions_unexplored:blue_lupine":2,"regions_unexplored:willow_leaves":3,"regions_unexplored:maple_log":28,"farmersdelight:wild_carrots":3,"regions_unexplored:magnolia_log":38,"minecraft:spruce_trapdoor":2,"regions_unexplored:red_maple_shrub":1,"regions_unexplored:bleeding_heart":15,"minecraft:purple_terracotta":19,"minecraft:allium":6,"minecraft:grass_block":15,"minecraft:spruce_fence":2,"regions_unexplored:poppy_bush":6,"regions_unexplored:silver_birch_shrub":4,"minecraft:deepslate_bricks":7,"minecraft:spruce_leaves":3,"regions_unexplored:white_trillium":2,"minecraft:kelp":2,"minecraft:large_fern":2,"farmersdelight:wild_onions":12,"minecraft:furnace":1,"regions_unexplored:orange_maple_leaves":13,"minecraft:pumpkin":19,"regions_unexplored:frozen_grass":3,"minecraft:peony":8,"minecraft:mossy_stone_brick_stairs":1,"minecraft:bookshelf":14,"minecraft:red_tulip":3,"minecraft:oak_sign":1,"regions_unexplored:maple_leaf_pile":2,"regions_unexplored:red_maple_leaves":5,"minecraft:lantern":7,"regions_unexplored:apple_oak_leaves":4,"minecraft:deepslate_brick_stairs":1,"minecraft:black_candle":1,"regions_unexplored:orange_maple_shrub":1,"regions_unexplored:medium_grass":33,"minecraft:stone":78,"regions_unexplored:silt_grass_block":2,"minecraft:spruce_slab":1,"minecraft:pink_terracotta":1,"minecraft:orange_bed":1,"regions_unexplored:orange_coneflower":10,"minecraft:scaffolding":3,"minecraft:red_bed":6,"regions_unexplored:willow_log":1,"minecraft:kelp_plant":6,"regions_unexplored:silver_birch_leaf_pile":1,"minecraft:clay":3,"minecraft:crafting_table":5,"minecraft:torch":2,"minecraft:light_gray_terracotta":31,"regions_unexplored:salmon_poppy_bush":27,"minecraft:poppy":1,"regions_unexplored:silt_dirt":1,"minecraft:white_stained_glass_pane":25,"regions_unexplored:blue_magnolia_leaves":14,"minecraft:tall_grass":36,"minecraft:cobblestone":1,"regions_unexplored:meadow_sage":1,"minecraft:lapis_ore":11,"minecraft:cracked_deepslate_bricks":5,"minecraft:blue_bed":3,"minecraft:spruce_stairs":19,"minecraft:white_terracotta":39,"minecraft:purple_bed":4,"regions_unexplored:hyssop":18,"minecraft:red_terracotta":7,"graveyard:oak_coffin":1,"minecraft:magenta_terracotta":15,"minecraft:sweet_berry_bush":10,"minecraft:lilac":5,"minecraft:spruce_log":33,"minecraft:orange_tulip":3,"regions_unexplored:red_maple_leaf_pile":1,"minecraft:grass":37,"minecraft:cracked_deepslate_tiles":5,"minecraft:oak_log":72,"minecraft:coal_ore":25,"minecraft:sunflower":2,"minecraft:dirt":32,"minecraft:terracotta":2,"regions_unexplored:blue_magnolia_shrub":1,"minecraft:mossy_stone_bricks":2,"minecraft:oak_leaves":9,"regions_unexplored:tassel":7,"minecraft:fern":9,"regions_unexplored:fireweed":3},"minecraft:crafted":{"minecraft:wooden_sword":1,"minecraft:oak_planks":184,"minecraft:oak_sign":3,"minecraft:cooked_chicken":5,"minecraft:stone_pickaxe":5,"minecraft:stone_hoe":1,"minecraft:cooked_beef":10,"minecraft:cooked_porkchop":27,"minecraft:crafting_table":3,"minecraft:wooden_pickaxe":10,"minecraft:stone_axe":3,"minecraft:air":0,"minecraft:stick":72,"minecraft:stone_sword":3},"minecraft:used":{"minecraft:peony":1,"minecraft:stone_sword":208,"minecraft:oak_sign":2,"minecraft:stone_hoe":5,"minecraft:mutton":8,"minecraft:dirt":8,"minecraft:carrot":4,"minecraft:cracked_deepslate_tiles":2,"minecraft:lantern":7,"minecraft:magenta_terracotta":5,"minecraft:beef":2,"minecraft:scaffolding":4,"minecraft:furnace":2,"minecraft:cooked_beef":4,"minecraft:potato":1,"minecraft:cooked_mutton":6,"minecraft:mossy_stone_bricks":1,"minecraft:stone_pickaxe":229,"minecraft:wooden_pickaxe":96,"minecraft:blue_bed":2,"minecraft:salmon":1,"minecraft:crafting_table":6,"minecraft:red_bed":1,"minecraft:purple_terracotta":11,"minecraft:spruce_log":11,"minecraft:bread":4,"minecraft:stone_axe":338,"minecraft:cobblestone":15,"minecraft:purple_bed":6,"minecraft:porkchop":9},"minecraft:dropped":{"minecraft:stone_hoe":1,"minecraft:wheat_seeds":14,"minecraft:orange_tulip":1,"regions_unexplored:tassel":2,"minecraft:spruce_stairs":4,"minecraft:cobweb":5,"minecraft:dirt":5,"minecraft:gray_wool":1,"minecraft:pumpkin":19,"minecraft:bone_meal":10,"minecraft:white_wool":5,"minecraft:stone_axe":1,"minecraft:stone_sword":1,"minecraft:spruce_trapdoor":2,"minecraft:purple_bed":1,"minecraft:wooden_pickaxe":7},"minecraft:killed_by":{"graveyard:skeleton_creeper":1,"alexsmobs:grizzly_bear":1},"minecraft:picked_up":{"minecraft:crafting_table":5,"minecraft:allium":30,"minecraft:chicken":7,"minecraft:clay_ball":12,"regions_unexplored:magnolia_log":38,"minecraft:wooden_pickaxe":1,"regions_unexplored:silt_dirt":2,"regions_unexplored:white_trillium":2,"regions_unexplored:red_maple_leaf_pile":4,"minecraft:red_bed":5,"regions_unexplored:poppy_bush":6,"minecraft:oak_sign":1,"minecraft:deepslate_tiles":11,"minecraft:spruce_planks":1,"minecraft:beef":12,"regions_unexplored:maple_leaf_pile":3,"minecraft:poppy":1,"minecraft:spruce_slab":1,"minecraft:light_gray_wool":1,"minecraft:spruce_trapdoor":2,"regions_unexplored:bleeding_heart":12,"minecraft:furnace":1,"minecraft:stick":12,"minecraft:torch":2,"minecraft:spruce_stairs":30,"minecraft:spruce_fence":2,"regions_unexplored:blue_lupine":1,"minecraft:porkchop":43,"minecraft:carrot":6,"minecraft:purple_terracotta":20,"minecraft:orange_bed":1,"minecraft:stone_sword":1,"farmersdelight:onion":8,"minecraft:peony":8,"regions_unexplored:blue_magnolia_sapling":2,"minecraft:deepslate_bricks":11,"minecraft:cracked_deepslate_bricks":4,"minecraft:red_tulip":3,"minecraft:white_terracotta":32,"minecraft:deepslate_brick_stairs":1,"minecraft:mutton":18,"minecraft:white_wool":11,"minecraft:cobblestone":76,"minecraft:cracked_deepslate_tiles":5,"minecraft:feather":10,"minecraft:lilac":5,"minecraft:salmon":1,"minecraft:leather":8,"regions_unexplored:silver_birch_shrub":4,"regions_unexplored:orange_maple_shrub":1,"regions_unexplored:meadow_sage":1,"minecraft:oak_log":72,"regions_unexplored:red_maple_sapling":1,"regions_unexplored:salmon_poppy_bush":24,"minecraft:lantern":8,"minecraft:blue_bed":3,"minecraft:dirt":50,"minecraft:lapis_lazuli":33,"regions_unexplored:tassel":7,"minecraft:magenta_terracotta":15,"minecraft:bone":8,"minecraft:orange_tulip":1,"regions_unexplored:red_maple_shrub":1,"minecraft:wheat_seeds":19,"minecraft:cobweb":5,"minecraft:mossy_stone_bricks":1,"minecraft:stone_hoe":1,"minecraft:book":42,"minecraft:scaffolding":3,"minecraft:pumpkin":19,"minecraft:sweet_berries":27,"minecraft:spruce_log":32,"minecraft:red_terracotta":1,"minecraft:spruce_door":1,"graveyard:oak_coffin":1,"minecraft:light_gray_terracotta":28,"regions_unexplored:hyssop":15,"minecraft:purple_bed":7,"regions_unexplored:fireweed":3,"regions_unexplored:maple_log":28,"minecraft:bone_meal":10,"minecraft:gray_wool":1,"minecraft:terracotta":2,"minecraft:coal":25,"minecraft:sunflower":2}},"DataVersion":3465}