{"stats":{"minecraft:custom":{"minecraft:time_since_rest":4135,"minecraft:crouch_one_cm":615,"minecraft:play_time":4135,"minecraft:sprint_one_cm":4370,"minecraft:damage_taken":149,"minecraft:walk_one_cm":13369,"minecraft:sneak_time":107,"minecraft:walk_under_water_one_cm":193,"minecraft:drop":5,"minecraft:jump":46,"minecraft:time_since_death":4135,"minecraft:walk_on_water_one_cm":666,"minecraft:total_world_time":4135,"minecraft:fall_one_cm":2039,"minecraft:interact_with_crafting_table":1,"minecraft:fly_one_cm":2277},"minecraft:crafted":{"minecraft:oak_planks":36,"minecraft:crafting_table":1,"minecraft:stick":16,"minecraft:wooden_pickaxe":8},"minecraft:used":{"minecraft:crafting_table":1,"minecraft:wooden_pickaxe":17},"minecraft:dropped":{"minecraft:wooden_pickaxe":5},"minecraft:mined":{"minecraft:grass_block":2,"minecraft:oak_log":12,"minecraft:dirt":1,"minecraft:stone":14,"minecraft:crafting_table":1},"minecraft:picked_up":{"minecraft:crafting_table":1,"minecraft:oak_log":12,"minecraft:dirt":3,"minecraft:cobblestone":14}},"DataVersion":3465}