{"stats":{"minecraft:custom":{"minecraft:time_since_rest":16135,"minecraft:sprint_one_cm":37921,"minecraft:damage_taken":199,"minecraft:walk_one_cm":35617,"minecraft:mob_kills":3,"minecraft:drop":6,"minecraft:damage_dealt":260,"minecraft:swim_one_cm":20578,"minecraft:interact_with_crafting_table":4,"minecraft:fly_one_cm":24225,"minecraft:crouch_one_cm":615,"minecraft:play_time":16135,"minecraft:sneak_time":128,"minecraft:walk_under_water_one_cm":6168,"minecraft:jump":219,"minecraft:walk_on_water_one_cm":6974,"minecraft:time_since_death":16135,"minecraft:total_world_time":16135,"minecraft:fall_one_cm":5536},"minecraft:killed":{"minecraft:sheep":2,"minecraft:pig":1},"minecraft:crafted":{"minecraft:oak_planks":60,"minecraft:crafting_table":1,"minecraft:stick":32,"minecraft:wooden_pickaxe":8,"minecraft:stone_pickaxe":1,"minecraft:stone_sword":1,"minecraft:stone_axe":1},"minecraft:used":{"minecraft:stone_sword":8,"minecraft:stone_pickaxe":10,"minecraft:wooden_pickaxe":54,"minecraft:stone_axe":28,"minecraft:cobblestone":14,"minecraft:mutton":2,"minecraft:crafting_table":2,"minecraft:porkchop":2},"minecraft:mined":{"minecraft:kelp_plant":2,"minecraft:crafting_table":2,"minecraft:coal_ore":12,"minecraft:grass_block":3,"minecraft:oak_log":39,"minecraft:dirt":4,"minecraft:stone":49,"minecraft:oak_leaves":3},"minecraft:dropped":{"minecraft:dirt":3,"minecraft:wooden_pickaxe":5},"minecraft:picked_up":{"minecraft:crafting_table":2,"minecraft:porkchop":2,"minecraft:oak_log":39,"minecraft:dirt":10,"minecraft:mutton":2,"minecraft:coal":12,"minecraft:white_wool":2,"minecraft:cobblestone":49}},"DataVersion":3465}