{"stats":{"minecraft:custom":{"minecraft:interact_with_furnace":6,"minecraft:mob_kills":14,"minecraft:interact_with_crafting_table":10,"minecraft:leave_game":2,"minecraft:time_since_death":16207,"minecraft:sleep_in_bed":3,"minecraft:time_since_rest":5425,"minecraft:sprint_one_cm":147457,"minecraft:damage_taken":959,"minecraft:walk_one_cm":189989,"minecraft:drop":9,"minecraft:damage_dealt":1349,"minecraft:swim_one_cm":39572,"minecraft:fly_one_cm":190119,"minecraft:open_chest":3,"minecraft:crouch_one_cm":1340,"minecraft:play_time":56550,"minecraft:deaths":2,"minecraft:sneak_time":361,"minecraft:walk_under_water_one_cm":14024,"minecraft:boat_one_cm":58980,"minecraft:jump":936,"minecraft:walk_on_water_one_cm":15725,"minecraft:total_world_time":56550,"minecraft:fall_one_cm":21096},"minecraft:killed":{"minecraft:pig":4,"minecraft:salmon":1,"minecraft:sheep":6,"minecraft:zombie":1,"minecraft:chicken":1,"minecraft:cow":1},"minecraft:killed_by":{"alexsmobs:grizzly_bear":1,"graveyard:skeleton_creeper":1},"minecraft:crafted":{"minecraft:wooden_sword":1,"minecraft:oak_planks":184,"minecraft:crafting_table":3,"minecraft:wooden_pickaxe":10,"minecraft:stone_axe":2,"minecraft:stick":72,"minecraft:stone_pickaxe":4,"minecraft:stone_sword":3},"minecraft:used":{"minecraft:stone_sword":33,"minecraft:stone_pickaxe":25,"minecraft:wooden_pickaxe":96,"minecraft:blue_bed":2,"minecraft:salmon":1,"minecraft:mutton":8,"minecraft:crafting_table":5,"minecraft:carrot":4,"minecraft:stone_axe":29,"minecraft:cobblestone":14,"minecraft:beef":2,"minecraft:purple_bed":1,"minecraft:furnace":1,"minecraft:porkchop":9},"minecraft:dropped":{"minecraft:dirt":3,"minecraft:purple_bed":1,"minecraft:wooden_pickaxe":7},"minecraft:mined":{"minecraft:red_bed":1,"minecraft:kelp_plant":6,"minecraft:torch":2,"minecraft:crafting_table":5,"regions_unexplored:bleeding_heart":15,"minecraft:grass_block":3,"minecraft:poppy":1,"regions_unexplored:silt_dirt":1,"minecraft:tall_grass":2,"minecraft:spruce_leaves":2,"regions_unexplored:white_trillium":2,"minecraft:kelp":2,"minecraft:blue_bed":3,"minecraft:large_fern":2,"minecraft:purple_bed":2,"minecraft:furnace":1,"minecraft:sweet_berry_bush":10,"regions_unexplored:frozen_grass":3,"minecraft:peony":5,"minecraft:grass":2,"minecraft:coal_ore":25,"minecraft:oak_log":70,"minecraft:dirt":4,"regions_unexplored:medium_grass":4,"minecraft:stone":73,"regions_unexplored:silt_grass_block":1,"minecraft:oak_leaves":7,"minecraft:fern":2,"regions_unexplored:tassel":1},"minecraft:picked_up":{"minecraft:crafting_table":5,"minecraft:chicken":1,"minecraft:salmon":1,"minecraft:wooden_pickaxe":1,"regions_unexplored:silt_dirt":1,"regions_unexplored:white_trillium":2,"minecraft:oak_log":70,"minecraft:dirt":10,"regions_unexplored:tassel":1,"minecraft:blue_bed":3,"minecraft:red_bed":1,"minecraft:beef":2,"minecraft:poppy":1,"minecraft:light_gray_wool":1,"minecraft:furnace":1,"regions_unexplored:bleeding_heart":12,"minecraft:stick":2,"minecraft:sweet_berries":27,"minecraft:torch":2,"minecraft:porkchop":10,"minecraft:carrot":3,"minecraft:purple_bed":3,"minecraft:peony":5,"minecraft:mutton":8,"minecraft:coal":25,"minecraft:white_wool":5,"minecraft:cobblestone":73}},"DataVersion":3465}