{"stats":{"minecraft:mined":{"minecraft:deepslate_tiles":10,"regions_unexplored:spruce_shrub":1,"minecraft:spruce_planks":1,"regions_unexplored:blue_lupine":2,"regions_unexplored:maple_log":28,"farmersdelight:wild_carrots":3,"regions_unexplored:red_maple_shrub":1,"minecraft:spruce_trapdoor":2,"regions_unexplored:bleeding_heart":15,"minecraft:purple_terracotta":19,"minecraft:allium":6,"minecraft:grass_block":11,"minecraft:spruce_fence":2,"regions_unexplored:poppy_bush":6,"regions_unexplored:silver_birch_shrub":4,"minecraft:deepslate_bricks":7,"minecraft:spruce_leaves":3,"minecraft:kelp":2,"regions_unexplored:white_trillium":2,"minecraft:large_fern":2,"farmersdelight:wild_onions":12,"minecraft:furnace":1,"regions_unexplored:orange_maple_leaves":13,"minecraft:pumpkin":19,"regions_unexplored:frozen_grass":3,"minecraft:peony":8,"minecraft:bookshelf":14,"minecraft:red_tulip":3,"minecraft:oak_sign":1,"regions_unexplored:maple_leaf_pile":2,"regions_unexplored:red_maple_leaves":5,"minecraft:lantern":7,"minecraft:deepslate_brick_stairs":1,"regions_unexplored:apple_oak_leaves":4,"regions_unexplored:orange_maple_shrub":1,"regions_unexplored:medium_grass":25,"minecraft:stone":75,"regions_unexplored:silt_grass_block":2,"minecraft:spruce_slab":1,"minecraft:pink_terracotta":1,"minecraft:orange_bed":1,"regions_unexplored:orange_coneflower":9,"minecraft:scaffolding":3,"minecraft:red_bed":6,"minecraft:kelp_plant":6,"regions_unexplored:silver_birch_leaf_pile":1,"minecraft:clay":3,"minecraft:crafting_table":5,"minecraft:torch":2,"minecraft:light_gray_terracotta":31,"regions_unexplored:salmon_poppy_bush":27,"minecraft:poppy":1,"regions_unexplored:silt_dirt":1,"minecraft:white_stained_glass_pane":25,"minecraft:tall_grass":36,"minecraft:lapis_ore":5,"minecraft:cracked_deepslate_bricks":5,"minecraft:blue_bed":3,"minecraft:spruce_stairs":19,"minecraft:white_terracotta":39,"minecraft:purple_bed":4,"minecraft:red_terracotta":7,"minecraft:magenta_terracotta":15,"minecraft:sweet_berry_bush":10,"minecraft:lilac":5,"minecraft:spruce_log":33,"minecraft:orange_tulip":3,"regions_unexplored:red_maple_leaf_pile":1,"minecraft:grass":29,"minecraft:cracked_deepslate_tiles":5,"minecraft:oak_log":72,"minecraft:coal_ore":25,"minecraft:sunflower":2,"minecraft:dirt":5,"minecraft:terracotta":2,"minecraft:oak_leaves":9,"minecraft:fern":9,"regions_unexplored:tassel":7},"minecraft:killed":{"minecraft:chicken":7,"minecraft:pig":22,"minecraft:salmon":1,"minecraft:sheep":13,"minecraft:zombie":1,"alexsmobs:crow":2,"minecraft:cow":7},"minecraft:used":{"minecraft:peony":1,"minecraft:stone_sword":172,"minecraft:oak_sign":2,"minecraft:stone_hoe":5,"minecraft:mutton":8,"minecraft:carrot":4,"minecraft:cracked_deepslate_tiles":2,"minecraft:lantern":7,"minecraft:magenta_terracotta":5,"minecraft:beef":2,"minecraft:scaffolding":4,"minecraft:furnace":2,"minecraft:cooked_beef":1,"minecraft:potato":1,"minecraft:cooked_mutton":6,"minecraft:stone_pickaxe":215,"minecraft:wooden_pickaxe":96,"minecraft:blue_bed":2,"minecraft:salmon":1,"minecraft:crafting_table":6,"minecraft:red_bed":1,"minecraft:purple_terracotta":11,"minecraft:spruce_log":11,"minecraft:bread":4,"minecraft:stone_axe":275,"minecraft:cobblestone":14,"minecraft:purple_bed":6,"minecraft:porkchop":9},"minecraft:killed_by":{"graveyard:skeleton_creeper":1,"alexsmobs:grizzly_bear":1},"minecraft:broken":{"minecraft:stone_pickaxe":1,"minecraft:stone_axe":1},"minecraft:crafted":{"minecraft:wooden_sword":1,"minecraft:oak_planks":184,"minecraft:oak_sign":3,"minecraft:cooked_chicken":5,"minecraft:stone_pickaxe":5,"minecraft:stone_hoe":1,"minecraft:cooked_beef":10,"minecraft:cooked_porkchop":27,"minecraft:crafting_table":3,"minecraft:wooden_pickaxe":10,"minecraft:stone_axe":3,"minecraft:air":0,"minecraft:stick":72,"minecraft:stone_sword":3},"minecraft:custom":{"minecraft:mob_kills":53,"minecraft:interact_with_crafting_table":17,"minecraft:leave_game":4,"minecraft:time_since_death":88281,"minecraft:climb_one_cm":356,"minecraft:sprint_one_cm":287632,"minecraft:walk_one_cm":554374,"minecraft:drop":11,"minecraft:play_time":128624,"minecraft:deaths":2,"minecraft:sneak_time":762,"minecraft:walk_under_water_one_cm":17457,"minecraft:boat_one_cm":58980,"minecraft:jump":1886,"minecraft:walk_on_water_one_cm":19511,"minecraft:total_world_time":128624,"minecraft:interact_with_furnace":21,"minecraft:sleep_in_bed":9,"minecraft:time_since_rest":14110,"minecraft:damage_taken":1217,"minecraft:damage_dealt":4924,"minecraft:swim_one_cm":59229,"minecraft:fly_one_cm":366602,"minecraft:open_chest":41,"minecraft:crouch_one_cm":3072,"minecraft:fall_one_cm":45547},"minecraft:picked_up":{"minecraft:crafting_table":5,"minecraft:allium":30,"minecraft:chicken":7,"minecraft:clay_ball":12,"minecraft:wooden_pickaxe":1,"regions_unexplored:silt_dirt":2,"regions_unexplored:white_trillium":2,"regions_unexplored:red_maple_leaf_pile":4,"minecraft:red_bed":5,"regions_unexplored:poppy_bush":6,"minecraft:oak_sign":1,"minecraft:deepslate_tiles":11,"minecraft:spruce_planks":1,"minecraft:beef":12,"regions_unexplored:maple_leaf_pile":3,"minecraft:poppy":1,"minecraft:spruce_slab":1,"minecraft:light_gray_wool":1,"minecraft:spruce_trapdoor":2,"minecraft:furnace":1,"regions_unexplored:bleeding_heart":12,"minecraft:stick":12,"minecraft:torch":2,"minecraft:spruce_stairs":30,"minecraft:spruce_fence":2,"regions_unexplored:blue_lupine":1,"minecraft:porkchop":43,"minecraft:carrot":6,"minecraft:purple_terracotta":20,"minecraft:orange_bed":1,"minecraft:stone_sword":1,"farmersdelight:onion":8,"minecraft:peony":8,"minecraft:deepslate_bricks":11,"minecraft:cracked_deepslate_bricks":4,"minecraft:red_tulip":3,"minecraft:white_terracotta":32,"minecraft:deepslate_brick_stairs":1,"minecraft:mutton":18,"minecraft:white_wool":11,"minecraft:cobblestone":75,"minecraft:cracked_deepslate_tiles":5,"minecraft:feather":10,"minecraft:lilac":5,"minecraft:salmon":1,"minecraft:leather":7,"regions_unexplored:silver_birch_shrub":4,"regions_unexplored:orange_maple_shrub":1,"minecraft:oak_log":72,"regions_unexplored:red_maple_sapling":1,"regions_unexplored:salmon_poppy_bush":24,"minecraft:lantern":8,"minecraft:blue_bed":3,"minecraft:magenta_terracotta":15,"regions_unexplored:tassel":7,"minecraft:lapis_lazuli":33,"minecraft:dirt":17,"minecraft:orange_tulip":1,"regions_unexplored:red_maple_shrub":1,"minecraft:wheat_seeds":11,"minecraft:stone_hoe":1,"minecraft:book":42,"minecraft:scaffolding":3,"minecraft:pumpkin":19,"minecraft:sweet_berries":27,"minecraft:spruce_log":32,"minecraft:red_terracotta":1,"minecraft:spruce_door":1,"minecraft:light_gray_terracotta":28,"minecraft:purple_bed":7,"regions_unexplored:maple_log":28,"minecraft:gray_wool":1,"minecraft:terracotta":2,"minecraft:coal":25,"minecraft:sunflower":2},"minecraft:dropped":{"minecraft:stone_hoe":1,"minecraft:dirt":3,"minecraft:stone_sword":1,"minecraft:purple_bed":1,"minecraft:wooden_pickaxe":7}},"DataVersion":3465}