{"stats":{"minecraft:custom":{"minecraft:interact_with_furnace":8,"minecraft:mob_kills":40,"minecraft:interact_with_crafting_table":11,"minecraft:leave_game":2,"minecraft:time_since_death":51714,"minecraft:sleep_in_bed":6,"minecraft:climb_one_cm":356,"minecraft:time_since_rest":12905,"minecraft:sprint_one_cm":216764,"minecraft:damage_taken":1187,"minecraft:walk_one_cm":418191,"minecraft:drop":9,"minecraft:damage_dealt":3648,"minecraft:swim_one_cm":44839,"minecraft:fly_one_cm":270560,"minecraft:open_chest":24,"minecraft:crouch_one_cm":2408,"minecraft:play_time":92057,"minecraft:deaths":2,"minecraft:sneak_time":580,"minecraft:walk_under_water_one_cm":15636,"minecraft:boat_one_cm":58980,"minecraft:jump":1495,"minecraft:walk_on_water_one_cm":16699,"minecraft:total_world_time":92057,"minecraft:fall_one_cm":35196},"minecraft:killed":{"minecraft:pig":18,"minecraft:salmon":1,"minecraft:sheep":7,"minecraft:zombie":1,"minecraft:chicken":6,"alexsmobs:crow":1,"minecraft:cow":6},"minecraft:killed_by":{"alexsmobs:grizzly_bear":1,"graveyard:skeleton_creeper":1},"minecraft:crafted":{"minecraft:wooden_sword":1,"minecraft:oak_planks":184,"minecraft:oak_sign":3,"minecraft:crafting_table":3,"minecraft:wooden_pickaxe":10,"minecraft:stone_axe":2,"minecraft:stick":72,"minecraft:stone_pickaxe":4,"minecraft:stone_sword":3},"minecraft:used":{"minecraft:cooked_mutton":6,"minecraft:stone_sword":95,"minecraft:stone_pickaxe":106,"minecraft:oak_sign":2,"minecraft:wooden_pickaxe":96,"minecraft:blue_bed":2,"minecraft:salmon":1,"minecraft:mutton":8,"minecraft:crafting_table":6,"minecraft:red_bed":1,"minecraft:carrot":4,"minecraft:purple_terracotta":11,"minecraft:cracked_deepslate_tiles":2,"minecraft:spruce_log":11,"minecraft:lantern":7,"minecraft:bread":1,"minecraft:stone_axe":141,"minecraft:scaffolding":4,"minecraft:cobblestone":14,"minecraft:magenta_terracotta":5,"minecraft:beef":2,"minecraft:purple_bed":4,"minecraft:furnace":2,"minecraft:porkchop":9,"minecraft:potato":1},"minecraft:dropped":{"minecraft:dirt":3,"minecraft:purple_bed":1,"minecraft:wooden_pickaxe":7},"minecraft:mined":{"minecraft:deepslate_tiles":3,"regions_unexplored:spruce_shrub":1,"minecraft:scaffolding":3,"regions_unexplored:blue_lupine":2,"minecraft:red_bed":5,"regions_unexplored:maple_log":28,"minecraft:kelp_plant":6,"regions_unexplored:red_maple_shrub":1,"minecraft:clay":3,"minecraft:crafting_table":5,"minecraft:torch":2,"regions_unexplored:bleeding_heart":15,"minecraft:purple_terracotta":19,"minecraft:allium":2,"minecraft:grass_block":3,"minecraft:poppy":1,"regions_unexplored:silt_dirt":1,"regions_unexplored:silver_birch_shrub":4,"minecraft:white_stained_glass_pane":11,"minecraft:tall_grass":21,"minecraft:lapis_ore":5,"minecraft:spruce_leaves":2,"regions_unexplored:white_trillium":2,"minecraft:kelp":2,"minecraft:blue_bed":3,"minecraft:large_fern":2,"minecraft:purple_bed":4,"minecraft:red_terracotta":7,"minecraft:furnace":1,"minecraft:magenta_terracotta":15,"minecraft:sweet_berry_bush":10,"minecraft:lilac":5,"minecraft:spruce_log":7,"regions_unexplored:orange_maple_leaves":13,"regions_unexplored:red_maple_leaf_pile":1,"regions_unexplored:maple_leaf_pile":2,"regions_unexplored:frozen_grass":3,"minecraft:peony":8,"regions_unexplored:red_maple_leaves":5,"minecraft:cracked_deepslate_tiles":2,"minecraft:grass":18,"minecraft:bookshelf":6,"minecraft:oak_log":70,"minecraft:coal_ore":25,"minecraft:oak_sign":1,"minecraft:lantern":7,"minecraft:dirt":5,"regions_unexplored:apple_oak_leaves":3,"regions_unexplored:orange_maple_shrub":1,"regions_unexplored:medium_grass":8,"minecraft:terracotta":2,"minecraft:stone":75,"regions_unexplored:silt_grass_block":2,"minecraft:pink_terracotta":1,"minecraft:orange_bed":1,"minecraft:oak_leaves":8,"minecraft:fern":6,"regions_unexplored:tassel":5},"minecraft:picked_up":{"minecraft:cracked_deepslate_tiles":2,"minecraft:allium":2,"minecraft:crafting_table":5,"minecraft:feather":7,"minecraft:lilac":5,"regions_unexplored:orange_maple_shrub":1,"minecraft:chicken":6,"minecraft:clay_ball":12,"minecraft:salmon":1,"regions_unexplored:silver_birch_shrub":4,"minecraft:leather":6,"minecraft:wooden_pickaxe":1,"regions_unexplored:silt_dirt":2,"regions_unexplored:white_trillium":2,"minecraft:oak_log":70,"regions_unexplored:red_maple_sapling":1,"regions_unexplored:red_maple_leaf_pile":4,"minecraft:lantern":8,"minecraft:magenta_terracotta":15,"minecraft:lapis_lazuli":33,"minecraft:red_bed":5,"minecraft:blue_bed":3,"regions_unexplored:tassel":5,"minecraft:dirt":10,"minecraft:oak_sign":1,"regions_unexplored:red_maple_shrub":1,"minecraft:deepslate_tiles":3,"minecraft:wheat_seeds":5,"regions_unexplored:maple_leaf_pile":3,"minecraft:beef":11,"minecraft:poppy":1,"minecraft:light_gray_wool":1,"regions_unexplored:bleeding_heart":12,"minecraft:furnace":1,"minecraft:book":18,"minecraft:scaffolding":3,"minecraft:stick":12,"minecraft:sweet_berries":27,"minecraft:torch":2,"minecraft:spruce_stairs":3,"regions_unexplored:blue_lupine":1,"minecraft:porkchop":37,"minecraft:spruce_log":6,"minecraft:carrot":3,"minecraft:red_terracotta":1,"minecraft:purple_terracotta":20,"minecraft:orange_bed":1,"minecraft:purple_bed":5,"minecraft:peony":8,"regions_unexplored:maple_log":28,"minecraft:terracotta":2,"minecraft:coal":25,"minecraft:mutton":10,"minecraft:white_wool":6,"minecraft:cobblestone":75}},"DataVersion":3465}