{"stats":{"minecraft:mined":{"farmersdelight:onions":5,"minecraft:red_bed":3,"regions_unexplored:silver_birch_leaf_pile":3,"regions_unexplored:red_maple_shrub":1,"minecraft:torch":1,"minecraft:grass_block":2,"farmersdelight:cabbages":8,"farmersdelight:budding_tomatoes":1,"minecraft:copper_ore":10,"minecraft:tall_grass":3,"farmersdelight:tomatoes":2,"regions_unexplored:mauve_log":7,"minecraft:spruce_leaves":8,"regions_unexplored:daisy":4,"minecraft:wall_torch":1,"minecraft:deepslate_copper_ore":1,"minecraft:large_fern":1,"regions_unexplored:hyssop":4,"graveyard:oak_coffin":1,"farmersdelight:rice":9,"regions_unexplored:mossy_stone":1,"minecraft:spruce_log":17,"minecraft:pumpkin":3,"regions_unexplored:mauve_leaves":17,"regions_unexplored:red_maple_leaf_pile":2,"minecraft:grass":3,"minecraft:bookshelf":2,"minecraft:coal_ore":76,"minecraft:lantern":2,"minecraft:dirt":4,"farmersdelight:rice_panicles":6,"regions_unexplored:medium_grass":7,"minecraft:stone":26,"regions_unexplored:maple_shrub":1,"minecraft:oak_leaves":6},"minecraft:killed":{"minecraft:pig":3,"minecraft:sheep":5,"minecraft:skeleton":1,"minecraft:cow":4},"minecraft:custom":{"minecraft:interact_with_furnace":5,"minecraft:mob_kills":13,"minecraft:interact_with_crafting_table":2,"minecraft:time_since_death":45743,"minecraft:sleep_in_bed":4,"minecraft:time_since_rest":33176,"minecraft:sprint_one_cm":77005,"minecraft:damage_taken":251,"minecraft:walk_one_cm":125821,"minecraft:damage_dealt":1571,"minecraft:swim_one_cm":15306,"minecraft:fly_one_cm":159325,"minecraft:open_chest":15,"minecraft:crouch_one_cm":10750,"minecraft:play_time":45743,"minecraft:sneak_time":3977,"minecraft:walk_under_water_one_cm":7016,"minecraft:boat_one_cm":53608,"minecraft:jump":895,"minecraft:walk_on_water_one_cm":4428,"minecraft:total_world_time":45743,"minecraft:fall_one_cm":24230},"minecraft:picked_up":{"minecraft:leather_chestplate":1,"farmersdelight:rice":9,"minecraft:leather":6,"farmersdelight:rice_panicle":2,"regions_unexplored:silt_dirt":5,"regions_unexplored:red_maple_leaf_pile":4,"farmersdelight:tomato":3,"minecraft:red_bed":3,"minecraft:dirt":16,"minecraft:lantern":2,"minecraft:raw_copper":35,"regions_unexplored:red_maple_shrub":1,"minecraft:wheat_seeds":3,"aquaculture:bluegill":2,"farmersdelight:cabbage":8,"regions_unexplored:maple_shrub":1,"minecraft:beef":7,"aquaculture:minnow":1,"farmersdelight:cabbage_seeds":20,"minecraft:book":6,"minecraft:stick":4,"regions_unexplored:silver_birch_leaf_pile":5,"minecraft:pumpkin":3,"minecraft:torch":2,"aquaculture:perch":1,"minecraft:porkchop":5,"farmersdelight:tomato_seeds":3,"minecraft:spruce_sapling":3,"minecraft:spruce_log":17,"spartanshields:stone_basic_shield":1,"regions_unexplored:daisy":6,"minecraft:mossy_cobblestone":1,"graveyard:oak_coffin":1,"regions_unexplored:hyssop":4,"minecraft:rotten_flesh":2,"regions_unexplored:fireweed":4,"farmersdelight:onion":17,"regions_unexplored:mauve_log":7,"minecraft:mutton":9,"minecraft:coal":76,"minecraft:snowball":1,"minecraft:white_wool":5,"minecraft:cobblestone":26},"minecraft:crafted":{"minecraft:spruce_planks":16,"minecraft:baked_potato":16,"minecraft:wooden_pickaxe":1,"minecraft:stone_axe":1,"minecraft:air":0,"minecraft:stick":8,"minecraft:stone_pickaxe":1,"minecraft:stone_sword":1,"minecraft:torch":20},"minecraft:used":{"minecraft:stone_sword":30,"minecraft:stone_pickaxe":74,"regions_unexplored:red_maple_shrub":1,"minecraft:baked_potato":4,"minecraft:wooden_pickaxe":43,"minecraft:torch":10,"minecraft:dirt":2,"minecraft:red_bed":3,"regions_unexplored:maple_shrub":1,"minecraft:spruce_log":3,"minecraft:lantern":2,"minecraft:bread":4,"regions_unexplored:silver_birch_leaf_pile":5,"minecraft:stone_axe":16,"alexsmobs:animal_dictionary":1,"farmersdelight:tomato_seeds":1,"regions_unexplored:red_maple_leaf_pile":4}},"DataVersion":3465}