{"stats":{"minecraft:mined":{"minecraft:podzol":1,"farmersdelight:onions":5,"minecraft:red_bed":3,"regions_unexplored:silver_birch_leaf_pile":3,"regions_unexplored:red_maple_shrub":1,"minecraft:torch":1,"minecraft:grass_block":2,"farmersdelight:budding_tomatoes":1,"minecraft:copper_ore":10,"farmersdelight:cabbages":8,"minecraft:tall_grass":3,"farmersdelight:tomatoes":2,"minecraft:deepslate_coal_ore":1,"regions_unexplored:mauve_log":18,"minecraft:spruce_leaves":9,"regions_unexplored:daisy":4,"minecraft:wall_torch":1,"minecraft:deepslate_copper_ore":4,"minecraft:large_fern":1,"regions_unexplored:hyssop":4,"graveyard:oak_coffin":1,"farmersdelight:rice":9,"regions_unexplored:mossy_stone":1,"minecraft:spruce_log":17,"regions_unexplored:mauve_leaves":68,"minecraft:pumpkin":3,"regions_unexplored:red_maple_leaf_pile":2,"minecraft:grass":5,"minecraft:bookshelf":2,"minecraft:coal_ore":76,"minecraft:lantern":2,"minecraft:dirt":4,"farmersdelight:rice_panicles":6,"regions_unexplored:medium_grass":7,"minecraft:stone":26,"regions_unexplored:maple_shrub":1,"minecraft:oak_leaves":6},"minecraft:killed":{"minecraft:pig":3,"minecraft:sheep":6,"minecraft:skeleton":1,"alexsmobs:crow":1,"minecraft:cow":4},"minecraft:used":{"minecraft:stone_sword":30,"minecraft:stone_pickaxe":78,"minecraft:stone_shovel":2,"regions_unexplored:red_maple_shrub":1,"minecraft:baked_potato":5,"minecraft:wooden_pickaxe":43,"minecraft:stone_hoe":1,"minecraft:torch":10,"minecraft:dirt":2,"regions_unexplored:maple_shrub":1,"minecraft:red_bed":3,"minecraft:spruce_log":3,"minecraft:lantern":2,"minecraft:bread":4,"magistuarmory:copper_bastardsword":1,"regions_unexplored:silver_birch_leaf_pile":5,"minecraft:stone_axe":29,"minecraft:cobblestone":3,"alexsmobs:animal_dictionary":1,"farmersdelight:tomato_seeds":1,"regions_unexplored:red_maple_leaf_pile":4},"minecraft:crafted":{"golems:guide_book":1,"minecraft:stone_shovel":1,"minecraft:spruce_planks":16,"magistuarmory:copper_bastardsword":1,"minecraft:wooden_pickaxe":1,"minecraft:baked_potato":16,"minecraft:copper_ingot":20,"minecraft:stone_axe":1,"aether:leather_gloves":1,"minecraft:cooked_mutton":8,"minecraft:air":0,"magistuarmory:hilt":1,"minecraft:stick":12,"minecraft:stone_pickaxe":1,"minecraft:stone_sword":1,"magistuarmory:copper_shortsword":1,"minecraft:torch":20,"minecraft:stone_hoe":1,"magistuarmory:leather_strip":6},"minecraft:dropped":{"magistuarmory:leather_strip":1,"magistuarmory:copper_lochaberaxe":1},"minecraft:picked_up":{"minecraft:leather_chestplate":1,"farmersdelight:rice":9,"minecraft:leather":6,"regions_unexplored:silt_dirt":5,"farmersdelight:rice_panicle":2,"regions_unexplored:red_maple_leaf_pile":4,"minecraft:dirt":17,"farmersdelight:tomato":3,"minecraft:red_bed":3,"minecraft:lantern":2,"minecraft:raw_copper":43,"minecraft:apple":1,"regions_unexplored:red_maple_shrub":1,"minecraft:wheat_seeds":3,"aquaculture:bluegill":2,"farmersdelight:cabbage":8,"regions_unexplored:maple_shrub":1,"minecraft:beef":7,"aquaculture:minnow":1,"farmersdelight:cabbage_seeds":20,"minecraft:book":6,"minecraft:stick":8,"regions_unexplored:silver_birch_leaf_pile":5,"minecraft:pumpkin":3,"minecraft:torch":2,"aquaculture:perch":1,"minecraft:porkchop":5,"farmersdelight:tomato_seeds":3,"minecraft:spruce_sapling":3,"minecraft:spruce_log":17,"spartanshields:stone_basic_shield":1,"regions_unexplored:daisy":6,"minecraft:mossy_cobblestone":1,"magistuarmory:copper_lochaberaxe":1,"graveyard:oak_coffin":1,"regions_unexplored:hyssop":4,"minecraft:rotten_flesh":2,"regions_unexplored:mauve_sapling":2,"regions_unexplored:fireweed":4,"farmersdelight:onion":17,"regions_unexplored:mauve_log":18,"minecraft:mutton":10,"minecraft:coal":77,"minecraft:snowball":1,"minecraft:white_wool":6,"minecraft:cobblestone":26},"minecraft:custom":{"minecraft:interact_with_furnace":10,"minecraft:mob_kills":15,"minecraft:interact_with_crafting_table":11,"minecraft:leave_game":1,"minecraft:time_since_death":66828,"minecraft:sleep_in_bed":5,"minecraft:time_since_rest":17709,"minecraft:sprint_one_cm":90739,"minecraft:damage_taken":261,"minecraft:walk_one_cm":172684,"minecraft:drop":2,"minecraft:damage_dealt":1731,"minecraft:swim_one_cm":15306,"minecraft:fly_one_cm":185726,"minecraft:open_chest":26,"minecraft:crouch_one_cm":11358,"minecraft:play_time":66828,"minecraft:sneak_time":4100,"minecraft:walk_under_water_one_cm":7384,"minecraft:boat_one_cm":53608,"minecraft:jump":1053,"minecraft:walk_on_water_one_cm":4562,"minecraft:total_world_time":66828,"minecraft:fall_one_cm":28832}},"DataVersion":3465}