{"stats":{"minecraft:custom":{"minecraft:open_chest":1,"minecraft:time_since_rest":5887,"minecraft:crouch_one_cm":236,"minecraft:play_time":5887,"minecraft:interact_with_furnace":1,"minecraft:sprint_one_cm":8804,"minecraft:damage_taken":10,"minecraft:walk_one_cm":16785,"minecraft:sneak_time":51,"minecraft:boat_one_cm":53608,"minecraft:jump":85,"minecraft:time_since_death":5887,"minecraft:total_world_time":5887,"minecraft:fall_one_cm":2307,"minecraft:fly_one_cm":8610},"minecraft:used":{"regions_unexplored:maple_shrub":1,"regions_unexplored:red_maple_shrub":1,"regions_unexplored:silver_birch_leaf_pile":4,"regions_unexplored:red_maple_leaf_pile":4},"minecraft:picked_up":{"minecraft:stick":2,"regions_unexplored:silver_birch_leaf_pile":5,"regions_unexplored:red_maple_shrub":1,"minecraft:wheat_seeds":1,"regions_unexplored:maple_shrub":1,"regions_unexplored:red_maple_leaf_pile":4},"minecraft:mined":{"minecraft:grass":2,"regions_unexplored:silver_birch_leaf_pile":3,"minecraft:tall_grass":1,"regions_unexplored:medium_grass":5,"regions_unexplored:maple_shrub":1,"regions_unexplored:red_maple_leaf_pile":2,"regions_unexplored:red_maple_shrub":1}},"DataVersion":3465}