{"stats":{"minecraft:mined":{"minecraft:podzol":1,"regions_unexplored:spruce_shrub":1,"farmersdelight:onions":5,"minecraft:red_bed":3,"regions_unexplored:maple_log":8,"regions_unexplored:silver_birch_leaf_pile":3,"minecraft:crafting_table":1,"regions_unexplored:red_maple_shrub":1,"minecraft:torch":1,"minecraft:grass_block":2,"farmersdelight:budding_tomatoes":1,"minecraft:copper_ore":10,"farmersdelight:cabbages":8,"minecraft:tall_grass":10,"farmersdelight:tomatoes":2,"minecraft:deepslate_coal_ore":1,"regions_unexplored:mauve_log":18,"minecraft:spruce_leaves":11,"regions_unexplored:daisy":4,"minecraft:wall_torch":1,"minecraft:deepslate_copper_ore":4,"minecraft:large_fern":1,"regions_unexplored:hyssop":4,"graveyard:oak_coffin":1,"farmersdelight:rice":9,"regions_unexplored:mossy_stone":1,"minecraft:spruce_log":19,"regions_unexplored:mauve_leaves":68,"minecraft:pumpkin":3,"regions_unexplored:red_maple_leaf_pile":2,"minecraft:grass":14,"minecraft:bookshelf":2,"minecraft:oak_log":6,"minecraft:coal_ore":145,"minecraft:lantern":2,"minecraft:dirt":4,"farmersdelight:rice_panicles":6,"regions_unexplored:medium_grass":19,"minecraft:stone":33,"regions_unexplored:silt_grass_block":2,"regions_unexplored:maple_shrub":1,"minecraft:fern":7,"minecraft:oak_leaves":16},"minecraft:killed":{"minecraft:pig":3,"minecraft:sheep":6,"minecraft:skeleton":1,"alexsmobs:crow":1,"minecraft:cow":5},"minecraft:used":{"regions_unexplored:silt_dirt":2,"minecraft:stone_sword":30,"minecraft:stone_pickaxe":154,"minecraft:stone_shovel":2,"regions_unexplored:red_maple_shrub":1,"minecraft:baked_potato":8,"minecraft:wooden_pickaxe":43,"minecraft:stone_hoe":1,"regions_unexplored:maple_leaf_pile":1,"minecraft:torch":17,"minecraft:dirt":2,"minecraft:crafting_table":1,"regions_unexplored:mauve_sapling":2,"regions_unexplored:maple_shrub":1,"minecraft:red_bed":3,"minecraft:spruce_log":3,"minecraft:lantern":2,"minecraft:bread":4,"magistuarmory:copper_bastardsword":3,"regions_unexplored:silver_birch_leaf_pile":5,"minecraft:stone_axe":49,"minecraft:cobblestone":4,"alexsmobs:animal_dictionary":1,"farmersdelight:tomato_seeds":1,"regions_unexplored:red_maple_leaf_pile":4},"minecraft:broken":{"minecraft:stone_pickaxe":1},"minecraft:crafted":{"minecraft:cooked_beef":7,"golems:guide_book":1,"minecraft:stone_shovel":1,"minecraft:cooked_porkchop":5,"minecraft:crafting_table":1,"minecraft:spruce_planks":16,"regions_unexplored:maple_planks":4,"magistuarmory:copper_bastardsword":1,"minecraft:wooden_pickaxe":1,"minecraft:baked_potato":16,"minecraft:copper_ingot":20,"minecraft:stone_axe":1,"aether:leather_gloves":1,"minecraft:cooked_mutton":10,"minecraft:air":0,"magistuarmory:hilt":1,"minecraft:stick":16,"minecraft:stone_pickaxe":2,"minecraft:stone_sword":1,"magistuarmory:copper_shortsword":1,"minecraft:torch":44,"minecraft:stone_hoe":1,"magistuarmory:leather_strip":6},"minecraft:dropped":{"minecraft:stone_axe":1,"magistuarmory:leather_strip":1,"magistuarmory:copper_lochaberaxe":1},"minecraft:custom":{"minecraft:interact_with_furnace":13,"minecraft:mob_kills":16,"minecraft:interact_with_crafting_table":12,"minecraft:leave_game":1,"minecraft:time_since_death":84828,"minecraft:sleep_in_bed":5,"minecraft:time_since_rest":35709,"minecraft:sprint_one_cm":129242,"minecraft:damage_taken":339,"minecraft:walk_one_cm":224135,"minecraft:drop":3,"minecraft:damage_dealt":1832,"minecraft:swim_one_cm":18008,"minecraft:talked_to_villager":1,"minecraft:fly_one_cm":271117,"minecraft:open_chest":38,"minecraft:crouch_one_cm":15989,"minecraft:play_time":84828,"minecraft:sneak_time":5799,"minecraft:walk_under_water_one_cm":7460,"minecraft:boat_one_cm":53608,"minecraft:jump":1482,"minecraft:walk_on_water_one_cm":4736,"minecraft:total_world_time":84828,"minecraft:fall_one_cm":41516},"minecraft:picked_up":{"minecraft:crafting_table":1,"minecraft:leather_chestplate":1,"farmersdelight:rice":9,"minecraft:leather":8,"regions_unexplored:silt_dirt":7,"farmersdelight:rice_panicle":2,"minecraft:oak_log":6,"regions_unexplored:red_maple_leaf_pile":4,"minecraft:dirt":17,"farmersdelight:tomato":3,"minecraft:red_bed":3,"minecraft:lantern":2,"minecraft:raw_copper":43,"regions_unexplored:spruce_shrub":1,"minecraft:apple":1,"regions_unexplored:maple_leaf_pile":1,"regions_unexplored:red_maple_shrub":1,"minecraft:wheat_seeds":5,"aquaculture:bluegill":2,"farmersdelight:cabbage":8,"regions_unexplored:maple_shrub":1,"minecraft:beef":8,"aquaculture:minnow":1,"farmersdelight:cabbage_seeds":20,"minecraft:book":6,"minecraft:stick":8,"regions_unexplored:silver_birch_leaf_pile":5,"minecraft:pumpkin":3,"minecraft:torch":2,"aquaculture:perch":1,"minecraft:porkchop":5,"farmersdelight:tomato_seeds":3,"minecraft:spruce_sapling":3,"minecraft:spruce_log":19,"spartanshields:stone_basic_shield":1,"regions_unexplored:daisy":6,"minecraft:mossy_cobblestone":1,"magistuarmory:copper_lochaberaxe":1,"graveyard:oak_coffin":1,"regions_unexplored:hyssop":4,"minecraft:rotten_flesh":2,"regions_unexplored:mauve_sapling":2,"regions_unexplored:fireweed":4,"minecraft:stone_axe":1,"farmersdelight:onion":17,"regions_unexplored:mauve_log":18,"regions_unexplored:maple_log":6,"minecraft:mutton":10,"minecraft:coal":145,"minecraft:snowball":1,"minecraft:white_wool":6,"minecraft:cobblestone":33}},"DataVersion":3465}