{"stats":{"minecraft:broken":{"minecraft:stone_pickaxe":1},"minecraft:custom":{"minecraft:mob_kills":30,"minecraft:interact_with_crafting_table":14,"minecraft:open_barrel":3,"minecraft:leave_game":2,"minecraft:time_since_death":105419,"minecraft:sprint_one_cm":188842,"minecraft:walk_one_cm":279836,"minecraft:damage_blocked_by_shield":75,"minecraft:drop":4,"minecraft:talked_to_villager":1,"minecraft:play_time":105419,"minecraft:sneak_time":8017,"minecraft:walk_under_water_one_cm":7927,"minecraft:boat_one_cm":53608,"minecraft:jump":2115,"minecraft:walk_on_water_one_cm":11676,"minecraft:total_world_time":105419,"minecraft:interact_with_furnace":13,"minecraft:sleep_in_bed":5,"minecraft:time_since_rest":56300,"minecraft:damage_taken":582,"minecraft:damage_dealt":3359,"minecraft:swim_one_cm":24240,"minecraft:fly_one_cm":392717,"minecraft:open_chest":43,"minecraft:crouch_one_cm":23522,"minecraft:fall_one_cm":61620},"minecraft:killed":{"minecraft:skeleton":2,"minecraft:chicken":2,"minecraft:pig":4,"minecraft:sheep":9,"minecraft:zombie":2,"alexsmobs:crow":1,"minecraft:cow":10},"minecraft:mined":{"graveyard:torso_pile":2,"regions_unexplored:spruce_shrub":1,"farmersdelight:onions":5,"minecraft:mossy_stone_brick_slab":1,"regions_unexplored:maple_log":8,"regions_unexplored:red_maple_shrub":1,"minecraft:grass_block":2,"regions_unexplored:poppy_bush":1,"graveyard:skull_on_pike":1,"farmersdelight:budding_tomatoes":1,"farmersdelight:tomatoes":2,"minecraft:spruce_leaves":11,"minecraft:large_fern":1,"minecraft:hay_block":4,"farmersdelight:rice":9,"regions_unexplored:mossy_stone":1,"minecraft:pumpkin":3,"minecraft:bookshelf":2,"minecraft:lantern":2,"farmersdelight:rice_panicles":6,"regions_unexplored:medium_grass":19,"minecraft:stone":49,"regions_unexplored:silt_grass_block":3,"minecraft:podzol":1,"minecraft:red_bed":3,"regions_unexplored:silver_birch_leaf_pile":3,"graveyard:laterally_lying_skeleton":1,"minecraft:stone_brick_slab":1,"minecraft:crafting_table":1,"minecraft:torch":1,"farmersdelight:cabbages":8,"minecraft:tall_grass":10,"minecraft:copper_ore":10,"minecraft:deepslate_coal_ore":1,"regions_unexplored:mauve_log":18,"graveyard:skeleton_hand":1,"regions_unexplored:daisy":4,"minecraft:wall_torch":2,"minecraft:deepslate_copper_ore":4,"regions_unexplored:hyssop":4,"graveyard:oak_coffin":1,"regions_unexplored:silt_coarse_dirt":1,"minecraft:spruce_log":19,"regions_unexplored:mauve_leaves":68,"graveyard:skull_pile":1,"regions_unexplored:red_maple_leaf_pile":2,"minecraft:grass":14,"minecraft:oak_log":8,"minecraft:coal_ore":175,"graveyard:leaning_skeleton":1,"minecraft:dirt":4,"regions_unexplored:maple_shrub":1,"minecraft:oak_leaves":17,"minecraft:fern":7},"minecraft:crafted":{"minecraft:oak_planks":8,"minecraft:stone_shovel":1,"regions_unexplored:maple_planks":12,"aether:leather_gloves":1,"minecraft:cooked_mutton":10,"magistuarmory:hilt":1,"minecraft:stone_pickaxe":2,"magistuarmory:copper_shortsword":1,"packedup:basicbackpack":1,"minecraft:stone_hoe":1,"minecraft:cooked_beef":7,"golems:guide_book":1,"minecraft:cooked_porkchop":5,"minecraft:crafting_table":1,"minecraft:spruce_planks":16,"magistuarmory:copper_bastardsword":1,"minecraft:wooden_pickaxe":1,"minecraft:baked_potato":16,"minecraft:copper_ingot":20,"minecraft:stone_axe":1,"minecraft:air":0,"minecraft:stick":16,"quark:oak_chest":1,"minecraft:stone_sword":1,"minecraft:torch":44,"magistuarmory:leather_strip":6},"minecraft:used":{"regions_unexplored:silt_dirt":3,"minecraft:stone_sword":30,"minecraft:stone_shovel":2,"minecraft:stone_hoe":1,"regions_unexplored:maple_leaf_pile":1,"minecraft:torch":29,"minecraft:dirt":2,"regions_unexplored:mauve_sapling":2,"minecraft:lantern":2,"regions_unexplored:poppy_bush":1,"regions_unexplored:silver_birch_leaf_pile":5,"farmersdelight:tomato_seeds":1,"regions_unexplored:red_maple_leaf_pile":4,"minecraft:stone_pickaxe":203,"regions_unexplored:red_maple_shrub":1,"minecraft:baked_potato":16,"minecraft:wooden_pickaxe":43,"minecraft:crafting_table":1,"minecraft:red_bed":3,"regions_unexplored:maple_shrub":1,"minecraft:spruce_log":3,"spartanshields:stone_basic_shield":3,"minecraft:bread":4,"magistuarmory:copper_bastardsword":39,"minecraft:stone_axe":51,"minecraft:cobblestone":8,"alexsmobs:animal_dictionary":1},"minecraft:dropped":{"magistuarmory:copper_lochaberaxe":1,"regions_unexplored:maple_log":5,"minecraft:stone_axe":1,"magistuarmory:leather_strip":1},"minecraft:picked_up":{"minecraft:crafting_table":1,"minecraft:chicken":2,"regions_unexplored:silt_coarse_dirt":1,"farmersdelight:rice_panicle":2,"regions_unexplored:silt_dirt":8,"regions_unexplored:red_maple_leaf_pile":4,"regions_unexplored:poppy_bush":2,"minecraft:red_bed":3,"minecraft:raw_copper":43,"regions_unexplored:spruce_shrub":1,"aquaculture:bluegill":2,"farmersdelight:cabbage":8,"regions_unexplored:maple_leaf_pile":1,"minecraft:beef":17,"regions_unexplored:maple_shrub":1,"farmersdelight:cabbage_seeds":20,"minecraft:stick":12,"regions_unexplored:silver_birch_leaf_pile":5,"minecraft:torch":3,"aquaculture:perch":1,"minecraft:porkchop":6,"farmersdelight:tomato_seeds":3,"spartanshields:stone_basic_shield":1,"regions_unexplored:daisy":6,"magistuarmory:copper_lochaberaxe":1,"minecraft:arrow":1,"minecraft:rotten_flesh":5,"regions_unexplored:mauve_sapling":2,"farmersdelight:onion":17,"regions_unexplored:mauve_log":18,"minecraft:hay_block":4,"minecraft:mutton":15,"minecraft:snowball":1,"minecraft:white_wool":9,"minecraft:cobblestone":49,"minecraft:leather_chestplate":1,"minecraft:feather":4,"farmersdelight:rice":9,"minecraft:leather":14,"minecraft:oak_log":8,"farmersdelight:tomato":3,"minecraft:dirt":17,"minecraft:lantern":2,"minecraft:bone":29,"minecraft:apple":1,"regions_unexplored:red_maple_shrub":1,"minecraft:wheat_seeds":5,"aquaculture:minnow":1,"minecraft:book":6,"minecraft:pumpkin":3,"minecraft:stone_brick_slab":1,"minecraft:spruce_sapling":3,"minecraft:spruce_log":19,"minecraft:mossy_stone_brick_slab":1,"minecraft:mossy_cobblestone":1,"graveyard:oak_coffin":1,"regions_unexplored:hyssop":4,"regions_unexplored:fireweed":4,"minecraft:stone_axe":1,"regions_unexplored:maple_log":13,"minecraft:coal":176}},"DataVersion":3465}