{"stats":{"minecraft:custom":{"minecraft:interact_with_furnace":2,"minecraft:mob_kills":12,"minecraft:interact_with_crafting_table":2,"minecraft:time_since_death":29887,"minecraft:sleep_in_bed":4,"minecraft:time_since_rest":17320,"minecraft:sprint_one_cm":54362,"minecraft:damage_taken":193,"minecraft:walk_one_cm":85626,"minecraft:damage_dealt":1471,"minecraft:swim_one_cm":5138,"minecraft:fly_one_cm":118857,"minecraft:open_chest":10,"minecraft:crouch_one_cm":8022,"minecraft:play_time":29887,"minecraft:sneak_time":2632,"minecraft:walk_under_water_one_cm":1852,"minecraft:boat_one_cm":53608,"minecraft:jump":629,"minecraft:walk_on_water_one_cm":783,"minecraft:total_world_time":29887,"minecraft:fall_one_cm":18510},"minecraft:killed":{"minecraft:pig":3,"minecraft:sheep":5,"minecraft:skeleton":1,"minecraft:cow":3},"minecraft:crafted":{"minecraft:spruce_planks":16,"minecraft:wooden_pickaxe":1,"minecraft:stone_axe":1,"minecraft:stick":8,"minecraft:stone_pickaxe":1,"minecraft:stone_sword":1,"minecraft:torch":8},"minecraft:used":{"minecraft:stone_sword":27,"minecraft:stone_pickaxe":16,"regions_unexplored:red_maple_shrub":1,"minecraft:wooden_pickaxe":43,"minecraft:torch":4,"minecraft:dirt":2,"minecraft:red_bed":3,"regions_unexplored:maple_shrub":1,"minecraft:spruce_log":3,"minecraft:bread":3,"regions_unexplored:silver_birch_leaf_pile":5,"minecraft:stone_axe":15,"regions_unexplored:red_maple_leaf_pile":4},"minecraft:mined":{"minecraft:red_bed":3,"regions_unexplored:silver_birch_leaf_pile":3,"regions_unexplored:red_maple_shrub":1,"minecraft:torch":1,"minecraft:grass_block":2,"minecraft:tall_grass":3,"regions_unexplored:mauve_log":7,"minecraft:spruce_leaves":8,"regions_unexplored:daisy":4,"regions_unexplored:hyssop":4,"regions_unexplored:mossy_stone":1,"minecraft:spruce_log":17,"minecraft:pumpkin":3,"regions_unexplored:mauve_leaves":17,"regions_unexplored:red_maple_leaf_pile":2,"minecraft:grass":3,"minecraft:bookshelf":2,"minecraft:coal_ore":34,"minecraft:lantern":2,"minecraft:dirt":4,"regions_unexplored:medium_grass":7,"minecraft:stone":22,"regions_unexplored:maple_shrub":1,"minecraft:oak_leaves":5},"minecraft:picked_up":{"minecraft:leather_chestplate":1,"minecraft:leather":4,"regions_unexplored:silt_dirt":5,"regions_unexplored:red_maple_leaf_pile":4,"minecraft:red_bed":3,"minecraft:dirt":16,"minecraft:lantern":2,"regions_unexplored:red_maple_shrub":1,"minecraft:wheat_seeds":3,"regions_unexplored:maple_shrub":1,"minecraft:beef":5,"minecraft:book":6,"minecraft:stick":4,"regions_unexplored:silver_birch_leaf_pile":5,"minecraft:pumpkin":3,"minecraft:torch":1,"minecraft:porkchop":5,"minecraft:spruce_sapling":3,"minecraft:spruce_log":17,"regions_unexplored:daisy":6,"minecraft:mossy_cobblestone":1,"regions_unexplored:hyssop":4,"regions_unexplored:fireweed":4,"regions_unexplored:mauve_log":7,"minecraft:mutton":9,"minecraft:coal":34,"minecraft:snowball":1,"minecraft:white_wool":5,"minecraft:cobblestone":22}},"DataVersion":3465}