{"stats":{"minecraft:custom":{"minecraft:time_since_rest":5320,"minecraft:interact_with_furnace":1,"minecraft:sprint_one_cm":19238,"minecraft:damage_taken":10,"minecraft:walk_one_cm":44983,"minecraft:interact_with_crafting_table":2,"minecraft:fly_one_cm":24439,"minecraft:open_chest":7,"minecraft:crouch_one_cm":5795,"minecraft:play_time":17887,"minecraft:sneak_time":1832,"minecraft:boat_one_cm":53608,"minecraft:jump":200,"minecraft:walk_on_water_one_cm":70,"minecraft:time_since_death":17887,"minecraft:sleep_in_bed":4,"minecraft:total_world_time":17887,"minecraft:fall_one_cm":5887},"minecraft:crafted":{"minecraft:spruce_planks":16,"minecraft:stick":8,"minecraft:wooden_pickaxe":1,"minecraft:stone_pickaxe":1,"minecraft:stone_sword":1,"minecraft:torch":8,"minecraft:stone_axe":1},"minecraft:used":{"regions_unexplored:red_maple_shrub":1,"minecraft:wooden_pickaxe":43,"regions_unexplored:silver_birch_leaf_pile":5,"minecraft:stone_axe":4,"regions_unexplored:maple_shrub":1,"minecraft:red_bed":3,"regions_unexplored:red_maple_leaf_pile":4,"minecraft:spruce_log":3},"minecraft:mined":{"minecraft:red_bed":3,"regions_unexplored:silver_birch_leaf_pile":3,"minecraft:spruce_log":17,"minecraft:pumpkin":3,"regions_unexplored:red_maple_leaf_pile":2,"regions_unexplored:red_maple_shrub":1,"minecraft:grass":2,"minecraft:coal_ore":24,"minecraft:tall_grass":1,"regions_unexplored:medium_grass":6,"minecraft:spruce_leaves":8,"minecraft:stone":19,"regions_unexplored:maple_shrub":1},"minecraft:picked_up":{"minecraft:stick":3,"regions_unexplored:silver_birch_leaf_pile":5,"minecraft:pumpkin":3,"minecraft:spruce_sapling":3,"regions_unexplored:red_maple_leaf_pile":4,"minecraft:spruce_log":17,"minecraft:red_bed":3,"regions_unexplored:red_maple_shrub":1,"minecraft:wheat_seeds":1,"regions_unexplored:maple_shrub":1,"minecraft:coal":24,"minecraft:cobblestone":19}},"DataVersion":3465}