{
  "farmersdelight:main/root": {
    "criteria": {
      "seeds": "2024-07-09 01:12:15 +0000"
    },
    "done": true
  },
  "takesapillage:root": {
    "criteria": {
      "always": "2024-07-09 01:12:16 +0000"
    },
    "done": true
  },
  "mowziesmobs:root": {
    "criteria": {
      "custom_test_name": "2024-07-09 01:12:16 +0000"
    },
    "done": true
  },
  "betterdungeons:root": {
    "criteria": {
      "always": "2024-07-09 01:12:16 +0000"
    },
    "done": true
  },
  "dungeons_arise:wda_root": {
    "criteria": {
      "WDA": "2024-07-09 01:12:16 +0000"
    },
    "done": true
  },
  "betterdeserttemples:root": {
    "criteria": {
      "always": "2024-07-09 01:12:16 +0000"
    },
    "done": true
  },
  "minecraft:adventure/adventuring_time": {
    "criteria": {
      "minecraft:frozen_river": "2024-07-09 01:39:04 +0000",
      "minecraft:beach": "2024-07-09 01:29:06 +0000",
      "minecraft:river": "2024-07-09 01:41:12 +0000",
      "minecraft:snowy_plains": "2024-07-09 01:29:16 +0000",
      "minecraft:snowy_taiga": "2024-07-09 01:41:49 +0000",
      "minecraft:forest": "2024-07-09 01:12:41 +0000",
      "minecraft:frozen_ocean": "2024-07-09 01:46:04 +0000",
      "minecraft:snowy_beach": "2024-07-09 01:29:20 +0000",
      "minecraft:plains": "2024-07-09 01:12:17 +0000"
    },
    "done": false
  },
  "regions_unexplored:parent": {
    "criteria": {
      "load_in_world": "2024-07-09 01:12:17 +0000"
    },
    "done": true
  },
  "minecraft:adventure/root": {
    "criteria": {
      "killed_something": "2024-07-09 01:39:06 +0000"
    },
    "done": true
  },
  "graveyard:graveyard/kill_graveyard_mob": {
    "criteria": {
      "skeleton_creeper": "2024-07-09 01:46:31 +0000"
    },
    "done": true
  },
  "minecraft:adventure/kill_all_mobs": {
    "criteria": {
      "minecraft:skeleton": "2024-07-09 01:39:06 +0000",
      "minecraft:spider": "2024-07-09 01:40:35 +0000",
      "minecraft:creeper": "2024-07-09 01:39:34 +0000",
      "minecraft:zombie": "2024-07-09 01:44:54 +0000"
    },
    "done": false
  },
  "minecraft:adventure/kill_a_mob": {
    "criteria": {
      "minecraft:skeleton": "2024-07-09 01:39:06 +0000"
    },
    "done": true
  },
  "farlanders:root": {
    "criteria": {
      "attack_anything": "2024-07-09 01:22:22 +0000"
    },
    "done": true
  },
  "minecraft:husbandry/balanced_diet": {
    "criteria": {
      "bread": "2024-07-09 01:40:06 +0000",
      "rotten_flesh": "2024-07-09 01:46:51 +0000",
      "suspicious_stew": "2024-07-09 01:30:04 +0000"
    },
    "done": false
  },
  "minecraft:story/mine_stone": {
    "criteria": {
      "get_stone": "2024-07-09 01:32:01 +0000"
    },
    "done": true
  },
  "minecraft:husbandry/root": {
    "criteria": {
      "consumed_item": "2024-07-09 01:30:04 +0000"
    },
    "done": true
  },
  "minecraft:story/upgrade_tools": {
    "criteria": {
      "stone_pickaxe": "2024-07-09 01:32:38 +0000"
    },
    "done": true
  },
  "aquamirae:adventure/root": {
    "criteria": {
      "crafting_table": "2024-07-09 01:28:54 +0000"
    },
    "done": true
  },
  "farmersdelight:main/get_fd_seed": {
    "criteria": {
      "rice": "2024-07-09 01:29:51 +0000"
    },
    "done": true
  },
  "minecraft:story/root": {
    "criteria": {
      "crafting_table": "2024-07-09 01:28:54 +0000"
    },
    "done": true
  },
  "DataVersion": 3465
}