{
  "takesapillage:root": {
    "criteria": {
      "always": "2024-07-09 01:22:53 +0000"
    },
    "done": true
  },
  "mowziesmobs:root": {
    "criteria": {
      "custom_test_name": "2024-07-09 01:22:53 +0000"
    },
    "done": true
  },
  "betterdungeons:root": {
    "criteria": {
      "always": "2024-07-09 01:22:53 +0000"
    },
    "done": true
  },
  "dungeons_arise:wda_root": {
    "criteria": {
      "WDA": "2024-07-09 01:22:53 +0000"
    },
    "done": true
  },
  "farmersdelight:main/root": {
    "criteria": {
      "seeds": "2024-07-09 01:22:53 +0000"
    },
    "done": true
  },
  "betterdeserttemples:root": {
    "criteria": {
      "always": "2024-07-09 01:22:53 +0000"
    },
    "done": true
  },
  "minecraft:adventure/adventuring_time": {
    "criteria": {
      "minecraft:taiga": "2024-07-09 01:46:58 +0000",
      "minecraft:frozen_river": "2024-07-09 01:42:22 +0000",
      "minecraft:beach": "2024-07-09 01:28:38 +0000",
      "minecraft:river": "2024-07-09 01:41:17 +0000",
      "minecraft:snowy_plains": "2024-07-09 01:44:56 +0000",
      "minecraft:snowy_taiga": "2024-07-09 01:42:11 +0000",
      "minecraft:cold_ocean": "2024-07-09 01:29:43 +0000",
      "minecraft:forest": "2024-07-09 01:23:13 +0000",
      "minecraft:frozen_ocean": "2024-07-09 01:58:52 +0000",
      "minecraft:snowy_beach": "2024-07-09 01:28:45 +0000",
      "minecraft:flower_forest": "2024-07-09 03:20:31 +0000",
      "minecraft:plains": "2024-07-09 01:22:54 +0000"
    },
    "done": false
  },
  "regions_unexplored:parent": {
    "criteria": {
      "load_in_world": "2024-07-09 01:22:54 +0000"
    },
    "done": true
  },
  "farlanders:root": {
    "criteria": {
      "attack_anything": "2024-07-09 01:23:15 +0000"
    },
    "done": true
  },
  "aquamirae:adventure/root": {
    "criteria": {
      "crafting_table": "2024-07-09 01:27:46 +0000"
    },
    "done": true
  },
  "minecraft:story/root": {
    "criteria": {
      "crafting_table": "2024-07-09 01:27:46 +0000"
    },
    "done": true
  },
  "minecraft:husbandry/root": {
    "criteria": {
      "consumed_item": "2024-07-09 01:28:13 +0000"
    },
    "done": true
  },
  "alexsmobs:alexsmobs/root": {
    "criteria": {
      "useitem": "2024-07-09 01:28:13 +0000"
    },
    "done": true
  },
  "alexsmobs:alexsmobs/orcas_might": {
    "criteria": {
      "all_effects": "2024-07-09 01:29:43 +0000"
    },
    "done": true
  },
  "minecraft:adventure/root": {
    "criteria": {
      "killed_by_something": "2024-07-09 01:30:56 +0000"
    },
    "done": true
  },
  "minecraft:story/mine_stone": {
    "criteria": {
      "get_stone": "2024-07-09 01:34:48 +0000"
    },
    "done": true
  },
  "minecraft:story/upgrade_tools": {
    "criteria": {
      "stone_pickaxe": "2024-07-09 01:35:11 +0000"
    },
    "done": true
  },
  "minecraft:adventure/kill_all_mobs": {
    "criteria": {
      "minecraft:spider": "2024-07-09 01:41:38 +0000",
      "minecraft:zombie": "2024-07-09 01:42:39 +0000"
    },
    "done": false
  },
  "minecraft:adventure/kill_a_mob": {
    "criteria": {
      "minecraft:spider": "2024-07-09 01:41:38 +0000"
    },
    "done": true
  },
  "regions_unexplored:pioneer": {
    "criteria": {
      "silver_birch_forest": "2024-07-09 01:48:56 +0000",
      "shrubland": "2024-07-09 01:56:51 +0000",
      "autumnal_maple_forest": "2024-07-09 01:49:26 +0000",
      "willow_forest": "2024-07-09 03:21:59 +0000",
      "poppy_fields": "2024-07-09 03:34:24 +0000",
      "rocky_meadow": "2024-07-09 01:55:27 +0000",
      "ochard": "2024-07-09 03:18:57 +0000",
      "maple_forest": "2024-07-09 01:47:16 +0000",
      "cold_river": "2024-07-09 01:48:40 +0000",
      "pumpkin_fields": "2024-07-09 03:35:38 +0000"
    },
    "done": false
  },
  "regions_unexplored:regions_explored": {
    "criteria": {
      "silver_birch_forest": "2024-07-09 01:48:56 +0000",
      "shrubland": "2024-07-09 01:56:51 +0000",
      "autumnal_maple_forest": "2024-07-09 01:49:26 +0000",
      "willow_forest": "2024-07-09 03:21:59 +0000",
      "poppy_fields": "2024-07-09 03:34:24 +0000",
      "rocky_meadow": "2024-07-09 01:55:27 +0000",
      "ochard": "2024-07-09 03:18:57 +0000",
      "maple_forest": "2024-07-09 01:47:16 +0000",
      "cold_river": "2024-07-09 01:48:40 +0000",
      "pumpkin_fields": "2024-07-09 03:35:38 +0000"
    },
    "done": false
  },
  "minecraft:story/smelt_iron": {
    "criteria": {
      "iron": "2024-07-09 01:50:38 +0000"
    },
    "done": true
  },
  "minecraft:husbandry/balanced_diet": {
    "criteria": {
      "cooked_mutton": "2024-07-09 01:56:56 +0000",
      "baked_potato": "2024-07-09 02:36:41 +0000",
      "cookie": "2024-07-09 02:08:55 +0000"
    },
    "done": false
  },
  "minecraft:adventure/sleep_in_bed": {
    "criteria": {
      "slept_in_bed": "2024-07-09 02:02:41 +0000"
    },
    "done": true
  },
  "minecraft:story/iron_tools": {
    "criteria": {
      "iron_pickaxe": "2024-07-09 02:12:41 +0000"
    },
    "done": true
  },
  "farmersdelight:main/get_fd_seed": {
    "criteria": {
      "cabbage_seeds": "2024-07-09 02:23:48 +0000"
    },
    "done": true
  },
  "minecraft:husbandry/tame_an_animal": {
    "criteria": {
      "tamed_animal": "2024-07-09 02:47:29 +0000"
    },
    "done": true
  },
  "minecraft:husbandry/complete_catalogue": {
    "criteria": {
      "minecraft:jellie": "2024-07-09 02:47:29 +0000"
    },
    "done": false
  },
  "farmersdelight:main/plant_all_crops": {
    "criteria": {
      "cabbage": "2024-07-09 03:26:28 +0000",
      "tomato": "2024-07-09 03:23:42 +0000",
      "rice": "2024-07-09 03:24:37 +0000",
      "potato": "2024-07-09 03:00:34 +0000"
    },
    "done": false
  },
  "farmersdelight:main/plant_rice": {
    "criteria": {
      "plant_rice": "2024-07-09 03:24:37 +0000"
    },
    "done": true
  },
  "minecraft:adventure/trade": {
    "criteria": {
      "traded": "2024-07-09 03:33:59 +0000"
    },
    "done": true
  },
  "DataVersion": 3465
}