{
  "takesapillage:root": {
    "criteria": {
      "always": "2024-07-09 01:47:12 +0000"
    },
    "done": true
  },
  "mowziesmobs:root": {
    "criteria": {
      "custom_test_name": "2024-07-09 01:47:12 +0000"
    },
    "done": true
  },
  "betterdungeons:root": {
    "criteria": {
      "always": "2024-07-09 01:47:12 +0000"
    },
    "done": true
  },
  "dungeons_arise:wda_root": {
    "criteria": {
      "WDA": "2024-07-09 01:47:12 +0000"
    },
    "done": true
  },
  "farmersdelight:main/root": {
    "criteria": {
      "seeds": "2024-07-09 01:47:12 +0000"
    },
    "done": true
  },
  "betterdeserttemples:root": {
    "criteria": {
      "always": "2024-07-09 01:47:12 +0000"
    },
    "done": true
  },
  "minecraft:adventure/adventuring_time": {
    "criteria": {
      "minecraft:beach": "2024-07-09 01:51:24 +0000",
      "minecraft:river": "2024-07-09 02:05:09 +0000",
      "minecraft:snowy_plains": "2024-07-09 01:50:47 +0000",
      "minecraft:cold_ocean": "2024-07-09 01:52:02 +0000",
      "minecraft:forest": "2024-07-09 01:48:31 +0000",
      "minecraft:plains": "2024-07-09 01:47:13 +0000"
    },
    "done": false
  },
  "regions_unexplored:parent": {
    "criteria": {
      "load_in_world": "2024-07-09 01:47:13 +0000"
    },
    "done": true
  },
  "minecraft:husbandry/root": {
    "criteria": {
      "consumed_item": "2024-07-09 01:49:04 +0000"
    },
    "done": true
  },
  "alexsmobs:alexsmobs/root": {
    "criteria": {
      "useitem": "2024-07-09 01:49:04 +0000"
    },
    "done": true
  },
  "aquamirae:adventure/root": {
    "criteria": {
      "crafting_table": "2024-07-09 01:50:37 +0000"
    },
    "done": true
  },
  "minecraft:story/root": {
    "criteria": {
      "crafting_table": "2024-07-09 01:50:37 +0000"
    },
    "done": true
  },
  "farmersdelight:main/get_fd_seed": {
    "criteria": {
      "cabbage_seeds": "2024-07-09 01:52:37 +0000"
    },
    "done": true
  },
  "minecraft:story/mine_stone": {
    "criteria": {
      "get_stone": "2024-07-09 01:55:10 +0000"
    },
    "done": true
  },
  "farlanders:root": {
    "criteria": {
      "attack_anything": "2024-07-09 01:56:33 +0000"
    },
    "done": true
  },
  "minecraft:husbandry/balanced_diet": {
    "criteria": {
      "cooked_beef": "2024-07-09 02:16:29 +0000",
      "baked_potato": "2024-07-09 03:06:04 +0000",
      "pumpkin_pie": "2024-07-09 02:03:57 +0000",
      "bread": "2024-07-09 02:16:36 +0000",
      "dried_kelp": "2024-07-09 01:56:54 +0000"
    },
    "done": false
  },
  "minecraft:adventure/root": {
    "criteria": {
      "killed_by_something": "2024-07-09 01:56:57 +0000"
    },
    "done": true
  },
  "minecraft:story/upgrade_tools": {
    "criteria": {
      "stone_pickaxe": "2024-07-09 01:58:30 +0000"
    },
    "done": true
  },
  "regions_unexplored:pioneer": {
    "criteria": {
      "silver_birch_forest": "2024-07-09 02:00:13 +0000",
      "shrubland": "2024-07-09 02:00:33 +0000",
      "grassy_beach": "2024-07-09 02:23:00 +0000",
      "rocky_meadow": "2024-07-09 02:00:31 +0000",
      "cold_river": "2024-07-09 01:59:55 +0000"
    },
    "done": false
  },
  "regions_unexplored:regions_explored": {
    "criteria": {
      "silver_birch_forest": "2024-07-09 02:00:13 +0000",
      "shrubland": "2024-07-09 02:00:33 +0000",
      "grassy_beach": "2024-07-09 02:23:00 +0000",
      "rocky_meadow": "2024-07-09 02:00:31 +0000",
      "cold_river": "2024-07-09 01:59:55 +0000"
    },
    "done": false
  },
  "minecraft:adventure/sleep_in_bed": {
    "criteria": {
      "slept_in_bed": "2024-07-09 02:01:16 +0000"
    },
    "done": true
  },
  "farmersdelight:main/craft_knife": {
    "criteria": {
      "iron_knife": "2024-07-09 02:12:27 +0000"
    },
    "done": true
  },
  "minecraft:adventure/trade": {
    "criteria": {
      "traded": "2024-07-09 02:12:54 +0000"
    },
    "done": true
  },
  "graveyard:graveyard/root": {
    "criteria": {
      "grave_01": "2024-07-09 02:58:15 +0000"
    },
    "done": true
  },
  "minecraft:story/smelt_iron": {
    "criteria": {
      "iron": "2024-07-09 02:44:53 +0000"
    },
    "done": true
  },
  "DataVersion": 3465
}