{
  "takesapillage:root": {
    "criteria": {
      "always": "2024-07-09 01:23:05 +0000"
    },
    "done": true
  },
  "mowziesmobs:root": {
    "criteria": {
      "custom_test_name": "2024-07-09 01:23:05 +0000"
    },
    "done": true
  },
  "betterdungeons:root": {
    "criteria": {
      "always": "2024-07-09 01:23:05 +0000"
    },
    "done": true
  },
  "minecraft:adventure/adventuring_time": {
    "criteria": {
      "minecraft:taiga": "2024-07-09 01:59:50 +0000",
      "minecraft:frozen_river": "2024-07-09 01:44:59 +0000",
      "minecraft:beach": "2024-07-09 01:38:32 +0000",
      "minecraft:river": "2024-07-09 01:42:18 +0000",
      "minecraft:snowy_plains": "2024-07-09 01:38:34 +0000",
      "minecraft:snowy_taiga": "2024-07-09 01:44:57 +0000",
      "minecraft:cold_ocean": "2024-07-09 01:24:38 +0000",
      "minecraft:forest": "2024-07-09 01:23:42 +0000",
      "minecraft:frozen_ocean": "2024-07-09 01:49:08 +0000",
      "minecraft:snowy_beach": "2024-07-09 01:45:16 +0000",
      "minecraft:plains": "2024-07-09 01:23:05 +0000"
    },
    "done": false
  },
  "dungeons_arise:wda_root": {
    "criteria": {
      "WDA": "2024-07-09 01:23:05 +0000"
    },
    "done": true
  },
  "farmersdelight:main/root": {
    "criteria": {
      "seeds": "2024-07-09 01:23:05 +0000"
    },
    "done": true
  },
  "betterdeserttemples:root": {
    "criteria": {
      "always": "2024-07-09 01:23:05 +0000"
    },
    "done": true
  },
  "regions_unexplored:parent": {
    "criteria": {
      "load_in_world": "2024-07-09 01:23:05 +0000"
    },
    "done": true
  },
  "farlanders:root": {
    "criteria": {
      "attack_anything": "2024-07-09 01:23:40 +0000"
    },
    "done": true
  },
  "aquamirae:adventure/root": {
    "criteria": {
      "crafting_table": "2024-07-09 01:26:16 +0000"
    },
    "done": true
  },
  "minecraft:story/root": {
    "criteria": {
      "crafting_table": "2024-07-09 01:26:16 +0000"
    },
    "done": true
  },
  "minecraft:story/mine_stone": {
    "criteria": {
      "get_stone": "2024-07-09 01:26:26 +0000"
    },
    "done": true
  },
  "minecraft:story/upgrade_tools": {
    "criteria": {
      "stone_pickaxe": "2024-07-09 01:26:50 +0000"
    },
    "done": true
  },
  "minecraft:adventure/root": {
    "criteria": {
      "killed_by_something": "2024-07-09 01:29:29 +0000"
    },
    "done": true
  },
  "minecraft:husbandry/balanced_diet": {
    "criteria": {
      "cooked_beef": "2024-07-09 02:25:21 +0000",
      "apple": "2024-07-09 01:42:58 +0000",
      "potato": "2024-07-09 01:43:11 +0000",
      "poisonous_potato": "2024-07-09 01:47:36 +0000",
      "dried_kelp": "2024-07-09 01:54:46 +0000",
      "carrot": "2024-07-09 01:36:04 +0000"
    },
    "done": false
  },
  "minecraft:husbandry/root": {
    "criteria": {
      "consumed_item": "2024-07-09 01:36:04 +0000"
    },
    "done": true
  },
  "minecraft:adventure/kill_all_mobs": {
    "criteria": {
      "minecraft:skeleton": "2024-07-09 01:37:41 +0000",
      "minecraft:spider": "2024-07-09 02:27:16 +0000",
      "minecraft:zombie": "2024-07-09 01:38:46 +0000"
    },
    "done": false
  },
  "minecraft:adventure/kill_a_mob": {
    "criteria": {
      "minecraft:skeleton": "2024-07-09 01:37:41 +0000"
    },
    "done": true
  },
  "regions_unexplored:pioneer": {
    "criteria": {
      "silver_birch_forest": "2024-07-09 02:39:16 +0000",
      "shrubland": "2024-07-09 02:04:18 +0000",
      "autumnal_maple_forest": "2024-07-09 02:02:17 +0000",
      "muddy_river": "2024-07-09 02:00:34 +0000",
      "frozen_tundra": "2024-07-09 01:45:33 +0000",
      "frozen_pine_taiga": "2024-07-09 01:45:26 +0000",
      "maple_forest": "2024-07-09 02:01:29 +0000",
      "cold_river": "2024-07-09 02:02:00 +0000"
    },
    "done": false
  },
  "regions_unexplored:regions_explored": {
    "criteria": {
      "silver_birch_forest": "2024-07-09 02:39:16 +0000",
      "shrubland": "2024-07-09 02:04:18 +0000",
      "autumnal_maple_forest": "2024-07-09 02:02:17 +0000",
      "muddy_river": "2024-07-09 02:00:34 +0000",
      "frozen_tundra": "2024-07-09 01:45:33 +0000",
      "frozen_pine_taiga": "2024-07-09 01:45:26 +0000",
      "maple_forest": "2024-07-09 02:01:29 +0000",
      "cold_river": "2024-07-09 02:02:00 +0000"
    },
    "done": false
  },
  "minecraft:adventure/sleep_in_bed": {
    "criteria": {
      "slept_in_bed": "2024-07-09 02:03:02 +0000"
    },
    "done": true
  },
  "regions_unexplored:got_wood": {
    "criteria": {
      "silver_birch_log": "2024-07-09 02:10:43 +0000",
      "maple_log": "2024-07-09 02:11:10 +0000"
    },
    "done": false
  },
  "packedup:basic_backpack": {
    "criteria": {
      "has_backpack": "2024-07-09 02:30:10 +0000"
    },
    "done": true
  },
  "DataVersion": 3465
}