{
  "takesapillage:root": {
    "criteria": {
      "always": "2024-07-09 01:20:51 +0000"
    },
    "done": true
  },
  "mowziesmobs:root": {
    "criteria": {
      "custom_test_name": "2024-07-09 01:20:51 +0000"
    },
    "done": true
  },
  "betterdungeons:root": {
    "criteria": {
      "always": "2024-07-09 01:20:51 +0000"
    },
    "done": true
  },
  "dungeons_arise:wda_root": {
    "criteria": {
      "WDA": "2024-07-09 01:20:51 +0000"
    },
    "done": true
  },
  "farmersdelight:main/root": {
    "criteria": {
      "seeds": "2024-07-09 01:20:51 +0000"
    },
    "done": true
  },
  "betterdeserttemples:root": {
    "criteria": {
      "always": "2024-07-09 01:20:51 +0000"
    },
    "done": true
  },
  "minecraft:adventure/adventuring_time": {
    "criteria": {
      "minecraft:taiga": "2024-07-09 01:51:23 +0000",
      "minecraft:frozen_river": "2024-07-09 01:38:51 +0000",
      "minecraft:beach": "2024-07-09 01:38:34 +0000",
      "minecraft:river": "2024-07-09 01:59:28 +0000",
      "minecraft:snowy_plains": "2024-07-09 01:26:30 +0000",
      "minecraft:snowy_taiga": "2024-07-09 01:39:01 +0000",
      "minecraft:cold_ocean": "2024-07-09 01:28:19 +0000",
      "minecraft:forest": "2024-07-09 01:21:11 +0000",
      "minecraft:frozen_ocean": "2024-07-09 01:46:32 +0000",
      "minecraft:snowy_beach": "2024-07-09 01:39:06 +0000",
      "minecraft:plains": "2024-07-09 01:20:52 +0000"
    },
    "done": false
  },
  "regions_unexplored:parent": {
    "criteria": {
      "load_in_world": "2024-07-09 01:20:52 +0000"
    },
    "done": true
  },
  "aquamirae:adventure/root": {
    "criteria": {
      "crafting_table": "2024-07-09 01:22:39 +0000"
    },
    "done": true
  },
  "minecraft:story/root": {
    "criteria": {
      "crafting_table": "2024-07-09 01:22:39 +0000"
    },
    "done": true
  },
  "minecraft:story/mine_stone": {
    "criteria": {
      "get_stone": "2024-07-09 01:23:09 +0000"
    },
    "done": true
  },
  "minecraft:story/upgrade_tools": {
    "criteria": {
      "stone_pickaxe": "2024-07-09 01:24:52 +0000"
    },
    "done": true
  },
  "minecraft:adventure/root": {
    "criteria": {
      "killed_something": "2024-07-09 01:27:15 +0000"
    },
    "done": true
  },
  "farlanders:root": {
    "criteria": {
      "attack_anything": "2024-07-09 01:27:15 +0000"
    },
    "done": true
  },
  "minecraft:husbandry/balanced_diet": {
    "criteria": {
      "cooked_mutton": "2024-07-09 02:11:50 +0000",
      "beef": "2024-07-09 02:06:51 +0000",
      "porkchop": "2024-07-09 01:27:54 +0000",
      "mutton": "2024-07-09 01:28:01 +0000",
      "salmon": "2024-07-09 01:49:33 +0000",
      "carrot": "2024-07-09 01:37:01 +0000"
    },
    "done": false
  },
  "minecraft:husbandry/root": {
    "criteria": {
      "consumed_item": "2024-07-09 01:27:54 +0000"
    },
    "done": true
  },
  "alexsmobs:alexsmobs/orcas_might": {
    "criteria": {
      "all_effects": "2024-07-09 01:30:31 +0000"
    },
    "done": true
  },
  "minecraft:adventure/sleep_in_bed": {
    "criteria": {
      "slept_in_bed": "2024-07-09 01:40:31 +0000"
    },
    "done": true
  },
  "minecraft:adventure/kill_all_mobs": {
    "criteria": {
      "minecraft:zombie": "2024-07-09 01:41:15 +0000"
    },
    "done": false
  },
  "minecraft:adventure/kill_a_mob": {
    "criteria": {
      "minecraft:zombie": "2024-07-09 01:41:15 +0000"
    },
    "done": true
  },
  "regions_unexplored:pioneer": {
    "criteria": {
      "silver_birch_forest": "2024-07-09 02:02:02 +0000",
      "shrubland": "2024-07-09 02:04:50 +0000",
      "autumnal_maple_forest": "2024-07-09 02:02:12 +0000",
      "frozen_tundra": "2024-07-09 01:49:54 +0000",
      "maple_forest": "2024-07-09 02:01:30 +0000",
      "boreal_forest": "2024-07-09 01:51:08 +0000",
      "cold_boreal_taiga": "2024-07-09 01:50:49 +0000",
      "cold_river": "2024-07-09 02:01:52 +0000"
    },
    "done": false
  },
  "regions_unexplored:regions_explored": {
    "criteria": {
      "silver_birch_forest": "2024-07-09 02:02:02 +0000",
      "shrubland": "2024-07-09 02:04:50 +0000",
      "autumnal_maple_forest": "2024-07-09 02:02:12 +0000",
      "frozen_tundra": "2024-07-09 01:49:54 +0000",
      "maple_forest": "2024-07-09 02:01:30 +0000",
      "boreal_forest": "2024-07-09 01:51:08 +0000",
      "cold_boreal_taiga": "2024-07-09 01:50:49 +0000",
      "cold_river": "2024-07-09 02:01:52 +0000"
    },
    "done": false
  },
  "alexsmobs:alexsmobs/grizzly_bear": {
    "criteria": {
      "killed_by": "2024-07-09 01:54:30 +0000"
    },
    "done": true
  },
  "farmersdelight:main/get_fd_seed": {
    "criteria": {
      "cabbage_seeds": "2024-07-09 02:04:55 +0000"
    },
    "done": true
  },
  "DataVersion": 3465
}