{
  "takesapillage:root": {
    "criteria": {
      "always": "2024-07-09 02:44:23 +0000"
    },
    "done": true
  },
  "mowziesmobs:root": {
    "criteria": {
      "custom_test_name": "2024-07-09 02:44:23 +0000"
    },
    "done": true
  },
  "betterdungeons:root": {
    "criteria": {
      "always": "2024-07-09 02:44:23 +0000"
    },
    "done": true
  },
  "dungeons_arise:wda_root": {
    "criteria": {
      "WDA": "2024-07-09 02:44:23 +0000"
    },
    "done": true
  },
  "farmersdelight:main/root": {
    "criteria": {
      "seeds": "2024-07-09 02:44:23 +0000"
    },
    "done": true
  },
  "betterdeserttemples:root": {
    "criteria": {
      "always": "2024-07-09 02:44:23 +0000"
    },
    "done": true
  },
  "minecraft:adventure/adventuring_time": {
    "criteria": {
      "minecraft:river": "2024-07-09 03:02:04 +0000",
      "minecraft:cold_ocean": "2024-07-09 02:44:59 +0000",
      "minecraft:forest": "2024-07-09 02:44:24 +0000",
      "minecraft:plains": "2024-07-09 02:44:52 +0000"
    },
    "done": false
  },
  "regions_unexplored:parent": {
    "criteria": {
      "load_in_world": "2024-07-09 02:44:24 +0000"
    },
    "done": true
  },
  "regions_unexplored:pioneer": {
    "criteria": {
      "silver_birch_forest": "2024-07-09 03:07:05 +0000",
      "shrubland": "2024-07-09 02:47:15 +0000",
      "autumnal_maple_forest": "2024-07-09 02:46:22 +0000",
      "muddy_river": "2024-07-09 02:46:00 +0000",
      "grassy_beach": "2024-07-09 03:04:13 +0000",
      "rocky_meadow": "2024-07-09 03:03:25 +0000",
      "maple_forest": "2024-07-09 02:45:47 +0000",
      "cold_river": "2024-07-09 02:45:38 +0000",
      "gravel_beach": "2024-07-09 02:45:44 +0000"
    },
    "done": false
  },
  "regions_unexplored:regions_explored": {
    "criteria": {
      "silver_birch_forest": "2024-07-09 03:07:05 +0000",
      "shrubland": "2024-07-09 02:47:15 +0000",
      "autumnal_maple_forest": "2024-07-09 02:46:22 +0000",
      "muddy_river": "2024-07-09 02:46:00 +0000",
      "grassy_beach": "2024-07-09 03:04:13 +0000",
      "rocky_meadow": "2024-07-09 03:03:25 +0000",
      "maple_forest": "2024-07-09 02:45:47 +0000",
      "cold_river": "2024-07-09 02:45:38 +0000",
      "gravel_beach": "2024-07-09 02:45:44 +0000"
    },
    "done": false
  },
  "minecraft:adventure/sleep_in_bed": {
    "criteria": {
      "slept_in_bed": "2024-07-09 02:52:38 +0000"
    },
    "done": true
  },
  "minecraft:story/mine_stone": {
    "criteria": {
      "get_stone": "2024-07-09 02:55:30 +0000"
    },
    "done": true
  },
  "minecraft:story/upgrade_tools": {
    "criteria": {
      "stone_pickaxe": "2024-07-09 02:56:50 +0000"
    },
    "done": true
  },
  "farmersdelight:main/craft_knife": {
    "criteria": {
      "iron_knife": "2024-07-09 02:59:05 +0000"
    },
    "done": true
  },
  "minecraft:husbandry/balanced_diet": {
    "criteria": {
      "baked_potato": "2024-07-09 03:19:53 +0000",
      "bread": "2024-07-09 03:00:43 +0000"
    },
    "done": false
  },
  "minecraft:husbandry/root": {
    "criteria": {
      "consumed_item": "2024-07-09 03:00:43 +0000"
    },
    "done": true
  },
  "minecraft:adventure/root": {
    "criteria": {
      "killed_something": "2024-07-09 03:02:10 +0000"
    },
    "done": true
  },
  "farlanders:root": {
    "criteria": {
      "attack_anything": "2024-07-09 03:02:10 +0000"
    },
    "done": true
  },
  "regions_unexplored:got_wood": {
    "criteria": {
      "mauve_log": "2024-07-09 03:03:23 +0000"
    },
    "done": false
  },
  "minecraft:adventure/kill_all_mobs": {
    "criteria": {
      "minecraft:skeleton": "2024-07-09 03:09:20 +0000"
    },
    "done": false
  },
  "minecraft:adventure/kill_a_mob": {
    "criteria": {
      "minecraft:skeleton": "2024-07-09 03:09:20 +0000"
    },
    "done": true
  },
  "graveyard:graveyard/root": {
    "criteria": {
      "grave_01": "2024-07-09 03:17:50 +0000"
    },
    "done": true
  },
  "alexsmobs:alexsmobs/root": {
    "criteria": {
      "useitem": "2024-07-09 03:24:33 +0000"
    },
    "done": true
  },
  "farmersdelight:main/plant_all_crops": {
    "criteria": {
      "tomato": "2024-07-09 03:28:34 +0000"
    },
    "done": false
  },
  "farmersdelight:main/get_fd_seed": {
    "criteria": {
      "tomato_seeds": "2024-07-09 03:28:27 +0000"
    },
    "done": true
  },
  "graveyard:graveyard/craft_coffin": {
    "criteria": {
      "coffin": "2024-07-09 03:18:01 +0000"
    },
    "done": true
  },
  "DataVersion": 3465
}