{
  "regions_unexplored:pioneer": {
    "criteria": {
      "shrubland": "2024-07-09 02:47:15 +0000",
      "autumnal_maple_forest": "2024-07-09 02:46:22 +0000",
      "muddy_river": "2024-07-09 02:46:00 +0000",
      "maple_forest": "2024-07-09 02:45:47 +0000",
      "cold_river": "2024-07-09 02:45:38 +0000",
      "gravel_beach": "2024-07-09 02:45:44 +0000"
    },
    "done": false
  },
  "takesapillage:root": {
    "criteria": {
      "always": "2024-07-09 02:44:23 +0000"
    },
    "done": true
  },
  "minecraft:adventure/sleep_in_bed": {
    "criteria": {
      "slept_in_bed": "2024-07-09 02:52:38 +0000"
    },
    "done": true
  },
  "mowziesmobs:root": {
    "criteria": {
      "custom_test_name": "2024-07-09 02:44:23 +0000"
    },
    "done": true
  },
  "betterdungeons:root": {
    "criteria": {
      "always": "2024-07-09 02:44:23 +0000"
    },
    "done": true
  },
  "minecraft:adventure/adventuring_time": {
    "criteria": {
      "minecraft:cold_ocean": "2024-07-09 02:44:59 +0000",
      "minecraft:forest": "2024-07-09 02:44:24 +0000",
      "minecraft:plains": "2024-07-09 02:44:52 +0000"
    },
    "done": false
  },
  "dungeons_arise:wda_root": {
    "criteria": {
      "WDA": "2024-07-09 02:44:23 +0000"
    },
    "done": true
  },
  "farmersdelight:main/craft_knife": {
    "criteria": {
      "iron_knife": "2024-07-09 02:59:05 +0000"
    },
    "done": true
  },
  "regions_unexplored:regions_explored": {
    "criteria": {
      "shrubland": "2024-07-09 02:47:15 +0000",
      "autumnal_maple_forest": "2024-07-09 02:46:22 +0000",
      "muddy_river": "2024-07-09 02:46:00 +0000",
      "maple_forest": "2024-07-09 02:45:47 +0000",
      "cold_river": "2024-07-09 02:45:38 +0000",
      "gravel_beach": "2024-07-09 02:45:44 +0000"
    },
    "done": false
  },
  "minecraft:story/mine_stone": {
    "criteria": {
      "get_stone": "2024-07-09 02:55:30 +0000"
    },
    "done": true
  },
  "farmersdelight:main/root": {
    "criteria": {
      "seeds": "2024-07-09 02:44:23 +0000"
    },
    "done": true
  },
  "betterdeserttemples:root": {
    "criteria": {
      "always": "2024-07-09 02:44:23 +0000"
    },
    "done": true
  },
  "minecraft:story/upgrade_tools": {
    "criteria": {
      "stone_pickaxe": "2024-07-09 02:56:50 +0000"
    },
    "done": true
  },
  "regions_unexplored:parent": {
    "criteria": {
      "load_in_world": "2024-07-09 02:44:24 +0000"
    },
    "done": true
  },
  "DataVersion": 3465
}